№ пп;Наименование  ;Группа товаров;Ед. изм. ;Количество; Цена за ед.изм., руб. РФ без учета НДС;Местонахождение;Сссылка на сайт размещения;Группа
1;Барабан натяжной 10063-100;Запасные части к автомобилям/спецтехнике;шт;1;договорная;"г.Новокузнецк ООО ""Вторресурс-Переработка""";https://www.avito.ru/novokuznetsk/oborudovanie_dlya_biznesa/baraban_natyazhnoyprivodnoy_3939629962;Реализация ТМЦ
2;Барабан натяжной 10080-80;Запасные части к автомобилям/спецтехнике;шт;3;договорная;"г.Новокузнецк ООО ""Вторресурс-Переработка""";https://www.avito.ru/novokuznetsk/oborudovanie_dlya_biznesa/baraban_natyazhnoyprivodnoy_3939629962;Реализация ТМЦ
3;Барабан приводной 100100ф-180;Запасные части к автомобилям/спецтехнике;шт;3;договорная;"г.Новокузнецк ООО ""Вторресурс-Переработка""";https://www.avito.ru/novokuznetsk/oborudovanie_dlya_biznesa/baraban_natyazhnoyprivodnoy_3939629962;Реализация ТМЦ
4;Блок управления классификатора JD1A-40;Приборы КИП и комплектующие;шт;1;7 474,58;"г.Новокузнецк ООО ""Вторресурс-Переработка""";;Реализация ТМЦ
5;Бронзовая втулка оси ролика 331294;Комплектующие к ДСК,  конвейерам (ролики, роликоопоры);шт;12;договорная;"г.Новокузнецк ООО ""Вторресурс-Переработка""";;Реализация ТМЦ
6;Вал подшипникового узла;Подшипники;шт;1;3 500,00;"г.Новокузнецк ООО ""Вторресурс-Переработка""";;Реализация ТМЦ
7;Вал подшипникового узла (для ВК-273);Подшипники;к-т;1;2 046,62;"г.Новокузнецк ООО ""Вторресурс-Переработка""";;Реализация ТМЦ
8;Вентиль G1/4 2839 1/4;Запорная арматура (задвижки, клапаны);шт;8;154,43;"г.Новокузнецк ООО ""Вторресурс-Переработка""";;Реализация ТМЦ
9;Винтовой конвейер ВК-273-4860-ТЛ-С – угол наклона 35 гр. ;Комплектующие к ДСК,  конвейерам (ролики, роликоопоры);шт;1;договорная;"г.Новокузнецк ООО ""Вторресурс-Переработка""";https://www.avito.ru/novokuznetsk/oborudovanie_dlya_biznesa/baraban_natyazhnoyprivodnoy_3939629962;Реализация ТМЦ
10;Конвейер винтовой ВК-273-6000-ТЛ-С – угол наклона 35 гр.;Комплектующие к ДСК,  конвейерам (ролики, роликоопоры);шт;1;договорная;"г.Новокузнецк ООО ""Вторресурс-Переработка""";https://www.avito.ru/novokuznetsk/oborudovanie_dlya_biznesa/baraban_natyazhnoyprivodnoy_3939629962;Реализация ТМЦ
11;Вкладыш (износостойкая втулка TGM 160-115-18);Запасные части к автомобилям/спецтехнике;шт;12;450,79;"г.Новокузнецк ООО ""Вторресурс-Переработка""";;Реализация ТМЦ
12;Вкладыш п/э 160*280;Упаковочные материалы (бирки, ленты);шт;1955;60,52;"г.Новокузнецк ООО ""Вторресурс-Переработка""";;Реализация ТМЦ
13;Вкладыш-сетка фильтрующая из нерж. стали 0,10мм;Сменные комплектующие (ножи, плиты, сита);шт;1;701,4;"г.Новокузнецк ООО ""Вторресурс-Переработка""";;Реализация ТМЦ
14;Гайка крепления рабочего колеса ч. 331291;Метизы;шт;1;750,31;"г.Новокузнецк ООО ""Вторресурс-Переработка""";;Реализация ТМЦ
15;ГТР 46-14-ЗСП к бульдозеру Т-330;Запасные части к спецтехнике;шт;1;договорная;"г.Новокузнецк ООО ""Вторресурс-Переработка""";;Реализация ТМЦ
16;Двигатель WM-D90/90-2/1K5 220-240/380-415B;Электродвигатели и комлектующие;шт;1;договорная;"г.Новокузнецк ООО ""Вторресурс-Переработка""";https://www.avito.ru/novokuznetsk/remont_i_stroitelstvo/elektrodvigateli_v_assortimente_2852772792;Реализация ТМЦ
17;Задвижка 30ч6бр ДУ 250;Запорная арматура (задвижки, клапаны);шт;2;договорная;"г.Новокузнецк ООО ""Вторресурс-Переработка""";;Реализация ТМЦ
18;Кольцо ступенчатое TGM 160;Запасные части к автомобилям/спецтехнике;шт;1;87 784,75;"г.Новокузнецк ООО ""Вторресурс-Переработка""";;Реализация ТМЦ
19;Лопатка сепаратора ч. 331293;Нестандартное оборудование по чертежам;шт;100;320,69;"г.Новокузнецк ООО ""Вторресурс-Переработка""";;Реализация ТМЦ
20;Манжета армированная 1.2-110*140;РТИ, РВД, АТИ;шт;14;43,43;"г.Новокузнецк ООО ""Вторресурс-Переработка""";;Реализация ТМЦ
21;Манжета армированная 1.2-140*170;РТИ, РВД, АТИ;шт;9;39,75;"г.Новокузнецк ООО ""Вторресурс-Переработка""";;Реализация ТМЦ
22;Муфта DN 08 1SN/2SN;Кабель и провод, наконечники для кабеля, муфты; шт ;50;11,87;"г.Новокузнецк ООО ""Вторресурс-Переработка""";;Реализация ТМЦ
23;Насос ЭЦВ 10-65-65;Насосы и комплектующие; шт ;1;договорная;"г.Новокузнецк ООО ""Вторресурс-Переработка""";;Реализация ТМЦ
24;Пластина для вибропитателя TGM-160 ч 331295;Сменные комплектующие (ножи, плиты, сита); шт ;25;51,43;"г.Новокузнецк ООО ""Вторресурс-Переработка""";;Реализация ТМЦ
25;Подшипник 7530;Подшипники;шт;2;договорная;"г.Новокузнецк ООО ""Вторресурс-Переработка""";;Реализация ТМЦ
26;Подшипник GE 160 ES-2RS;Подшипники;шт;2;договорная;"г.Новокузнецк ООО ""Вторресурс-Переработка""";;Реализация ТМЦ
27;Ремень SPB-3150;Запасные части к автомобилям/спецтехнике;шт;4;1 379,71;"г.Новокузнецк ООО ""Вторресурс-Переработка""";;Реализация ТМЦ
28;Розетка 16А, 3P+N+E, IP67 CEW 416 C6W 2CMA166572R1000;Низковольтное электротехническое оборудование;шт;29;296,31;"г.Новокузнецк ООО ""Вторресурс-Переработка""";;Реализация ТМЦ
29;Ролик TGM - 160;Сменные комплектующие ;шт;10;договорная;"г.Новокузнецк ООО ""Вторресурс-Переработка""";;Реализация ТМЦ
30;Ролик конвейерный 102*600;Комплектующие к ДСК,  конвейерам (ролики, роликоопоры);шт;11;договорная;"г.Новокузнецк ООО ""Вторресурс-Переработка""";;Реализация ТМЦ
31;Светофор дорожный (ДС);Приборы КИП и комплектующие;шт;10;3 583,05;"г.Новокузнецк ООО ""Вторресурс-Переработка""";;Реализация ТМЦ
32;Стеклоблоки 194*194*80 Гост 9272-8 1;Строительные/отделочные материалы;шт;109;30,37;"г.Новокузнецк ООО ""Вторресурс-Переработка""";https://www.avito.ru/novokuznetsk/remont_i_stroitelstvo/plitka_keramogranit_3908386257;Реализация ТМЦ
33;Технологический поддон для вибропресса ВП-5 Илья Муромец;Сменные комплектующие (ножи, плиты, сита);шт;193;311,62;"г.Новокузнецк ООО ""Вторресурс-Переработка""";;Реализация ТМЦ
34;Топливозаборник с поплавком, шланг 2,10 м;Запасные части к спецтехнике;шт;1;1 961,19;"г.Новокузнецк ООО ""Вторресурс-Переработка""";;Реализация ТМЦ
35;"Труба медная 1/2"" (15м) Н";Металлопрокат;шт;1;договорная;"г.Новокузнецк ООО ""Вторресурс-Переработка""";;Реализация ТМЦ
36;Трубка полиуретановая D1=8, D2=6;Сантехника;м;30;68,57;"г.Новокузнецк ООО ""Вторресурс-Переработка""";;Реализация ТМЦ
37;Указатель уровня топлива, мех. до 2,5 м.;Запасные части к спецтехнике;шт;1;544,39;"г.Новокузнецк ООО ""Вторресурс-Переработка""";;Реализация ТМЦ
38;Уплотнение газ. стыка головки 840-1003466;Запасные части к автомобилям/спецтехнике;шт;12;310,03;"г.Новокузнецк ООО ""Вторресурс-Переработка""";;Реализация ТМЦ
39;Уплотнение полиуритановое концевой опоры для ВК-273.00.007;Запасные части к автомобилям/спецтехнике;шт;8;283,56;"г.Новокузнецк ООО ""Вторресурс-Переработка""";;Реализация ТМЦ
40;Фитинг проходной S2500 1/4;Сантехника;шт;9;21,82;"г.Новокузнецк ООО ""Вторресурс-Переработка""";;Реализация ТМЦ
41;Фитинг цанга прямой S6510 8-1/2;Сантехника;шт;2;47,59;"г.Новокузнецк ООО ""Вторресурс-Переработка""";;Реализация ТМЦ
42;Фитинг цанга прямой S6510 8-1/4;Сантехника;шт;11;26,18;"г.Новокузнецк ООО ""Вторресурс-Переработка""";;Реализация ТМЦ
43;Фитинг цанга тройник 7540 8;Сантехника;шт;2;59,1;"г.Новокузнецк ООО ""Вторресурс-Переработка""";;Реализация ТМЦ
44;"Форма ""Двойное Т"" 225х135х60";Окна, двери, кровельные материалы, плитка;шт;327;16,94;"г.Новокузнецк ООО ""Вторресурс-Переработка""";https://www.avito.ru/novokuznetsk/remont_i_stroitelstvo/plitka_keramogranit_3908386257;Реализация ТМЦ
45;"Форма ""Средневековая I"" 130х130х57";Окна, двери, кровельные материалы, плитка;шт;493;27,83;"г.Новокузнецк ООО ""Вторресурс-Переработка""";https://www.avito.ru/novokuznetsk/remont_i_stroitelstvo/plitka_keramogranit_3908386257;Реализация ТМЦ
46;Форсунка жидкотопл. S60 3,50 GPN с фильтром;Запасные части к автомобилям;шт;1;1 402,10;"г.Новокузнецк ООО ""Вторресурс-Переработка""";;Реализация ТМЦ
47;Форсунка жидкотопл. S60 7,00 GPN с фильтром;Запасные части к автомобилям;шт;2;1 479,80;"г.Новокузнецк ООО ""Вторресурс-Переработка""";;Реализация ТМЦ
48;Цепь ПР 12,7 13568-75;Запасные части общепромышленного назначения;м;234;договорная;"г.Новокузнецк ООО ""Вторресурс-Переработка""";;Реализация ТМЦ
49;Штанга мельницы TGM-160 331288;Запчасти к станку;шт;12;1 559,38;"г.Новокузнецк ООО ""Вторресурс-Переработка""";;Реализация ТМЦ
50;Эл.двигатель YCT225-4A 11 кВт, 1250-125 об/мин. 1М 1081, в сборе с индукторной муфтой скольжения;Электродвигатели и комлектующие;шт;1;договорная;"г.Новокузнецк ООО ""Вторресурс-Переработка""";https://www.avito.ru/novokuznetsk/remont_i_stroitelstvo/elektrodvigateli_v_assortimente_2852772792;Реализация ТМЦ
51;редуктор 1Ц2У_100_10_11_У1;Редукторы;шт;2;договорная;"г.Новокузнецк ООО ""Вторресурс-Переработка""";;Реализация ТМЦ
52;Фильтр гидравлический Parker 937776Q;Запасные части к автомобилям/спецтехнике;шт.;5;договорная;"г.Новокузнецк ООО ""Вторресурс-Переработка""";;Реализация ТМЦ
53;Фильтр мешок SG72MO25EP;Запасные части к автомобилям/спецтехнике;шт.;2;договорная;"г.Новокузнецк ООО ""Вторресурс-Переработка""";;Реализация ТМЦ
54;Фильтр мешок SG72MO50EP;Запасные части к автомобилям/спецтехнике;шт.;24;договорная;"г.Новокузнецк ООО ""Вторресурс-Переработка""";;Реализация ТМЦ
55;Двигатель турбореактивный РД3М-500;Электродвигатели и комлектующие;шт;1;договорная;"г.Новокузнецк ООО ""Вторресурс-Переработка""";https://www.avito.ru/novokuznetsk/remont_i_stroitelstvo/dvigatel_turboreaktivnyy_rd3m-500_2851799084;Реализация ТМЦ
56;Труба жаровая б/у;Металлопрокат;шт;14;договорная;"г.Новокузнецк ООО ""Вторресурс-Переработка""";;Реализация ТМЦ
57;Двигатель турбореактивный РД3М-500 б/у;Электродвигатели и комлектующие;шт;1;договорная;"г.Новокузнецк ООО ""Вторресурс-Переработка""";https://www.avito.ru/novokuznetsk/remont_i_stroitelstvo/dvigatel_turboreaktivnyy_rd3m-500_2851799084;Реализация ТМЦ
58;муфта 2501-15-103;Кабель и провод, наконечники для кабеля, муфты;шт;2;1 426,10;"г.Новокузнецк ООО ""Вторресурс-Переработка""";;Реализация ТМЦ
59;муфта 2501-26-304;Кабель и провод, наконечники для кабеля, муфты;шт;1;1 176,32;"г.Новокузнецк ООО ""Вторресурс-Переработка""";;Реализация ТМЦ
60;муфта 2501-26-93;Кабель и провод, наконечники для кабеля, муфты;шт;1;963,3;"г.Новокузнецк ООО ""Вторресурс-Переработка""";;Реализация ТМЦ
61;муфта 2501-26-94;Кабель и провод, наконечники для кабеля, муфты;шт;2;1 217,56;"г.Новокузнецк ООО ""Вторресурс-Переработка""";;Реализация ТМЦ
62;муфта 404-26-28;Кабель и провод, наконечники для кабеля, муфты;шт;1;843,73;"г.Новокузнецк ООО ""Вторресурс-Переработка""";;Реализация ТМЦ
63;муфта 404-26-29;Кабель и провод, наконечники для кабеля, муфты;шт;1;693,2;"г.Новокузнецк ООО ""Вторресурс-Переработка""";;Реализация ТМЦ
64;Патрубок вводн. У477 УЗ ЗЭТАРУС zeta41112;Низковольтное электротехническое оборудование;шт;30;62,91;"г.Новокузнецк ООО ""Вторресурс-Переработка""";;Реализация ТМЦ
65;Патрубок У-478;Низковольтное электротехническое оборудование;шт;70;98,7;"г.Новокузнецк ООО ""Вторресурс-Переработка""";;Реализация ТМЦ
66;пружина 385159;Запасные части к автомобилям/спецтехнике;шт;2;66,95;"г.Новокузнецк ООО ""Вторресурс-Переработка""";;Реализация ТМЦ
67;Пружина 385278 (длина 70см);Запасные части к автомобилям/спецтехнике;шт;2;69,81;"г.Новокузнецк ООО ""Вторресурс-Переработка""";;Реализация ТМЦ
68;пружина 385325 (длина 60д);Запасные части к автомобилям/спецтехнике;шт;2;79,7;"г.Новокузнецк ООО ""Вторресурс-Переработка""";;Реализация ТМЦ
69;Ремень 8РК 1885;Запасные части к автомобилям/спецтехнике;шт;2;1 087,39;"г.Новокузнецк ООО ""Вторресурс-Переработка""";;Реализация ТМЦ
70;"Трансформатор напряжения антирезонансный НАМИ-10У2 50Гц; 6000/100В";Высоковольтное оборудование, высоковольтные опоры;шт;1;51 013,76;"г.Новокузнецк ООО ""Вторресурс-Переработка""";;Реализация ТМЦ
71;Фильтр гидравлический SH68238;Запасные части к автомобилям/спецтехнике;шт;1;13 132,80;"г.Новокузнецк ООО ""Вторресурс-Переработка""";;Реализация ТМЦ
72;Фильтр масляный LF-3744;Запасные части к автомобилям/спецтехнике;шт;6;969,33;"г.Новокузнецк ООО ""Вторресурс-Переработка""";;Реализация ТМЦ
73;Фильтр масляный SO10021;Запасные части к автомобилям/спецтехнике;шт;2;3 369,33;"г.Новокузнецк ООО ""Вторресурс-Переработка""";;Реализация ТМЦ
74;Фильтр топливный 10044303/FF5156, L10044303;Запасные части к автомобилям/спецтехнике;шт;1;657,33;"г.Новокузнецк ООО ""Вторресурс-Переработка""";;Реализация ТМЦ
75;Лопатка сепаратора ч. 331293;Нестандартное оборудование по чертежам;шт;10;299,07;"г.Новокузнецк ООО ""Вторресурс-Переработка""";;Реализация ТМЦ
76;Контейнер емкостью 1 кубометр;Тара;шт;1;10 893,33;"г.Новокузнецк ООО ""Вторресурс-Переработка""";;Реализация ТМЦ
77;Насос НШ-100А-3 правый;Насосы и комплектующие;шт;2;12 047,78;"г.Новокузнецк ООО ""Вторресурс-Переработка""";;Реализация ТМЦ
78;Насос НШ 50А;Насосы и комплектующие;шт;1;8 670,22;"г.Новокузнецк ООО ""Вторресурс-Переработка""";;Реализация ТМЦ
79;Держатель желоба D160мм оц;Строительные/отделочные материалы;шт;152;59,56;"г.Новокузнецк ООО ""Вторресурс-Переработка""";;Реализация ТМЦ
80;Держатель трубы D120 оц;Строительные/отделочные материалы;шт;15;48,89;"г.Новокузнецк ООО ""Вторресурс-Переработка""";;Реализация ТМЦ
81;Желоб водосточный D160*1250мм оц;Окна, двери, кровельные материалы, плитка;шт;69;194,67;"г.Новокузнецк ООО ""Вторресурс-Переработка""";;Реализация ТМЦ
82;Желоб водосточный D160*1250мм оц с патрубком;Окна, двери, кровельные материалы, плитка;шт;6;256;"г.Новокузнецк ООО ""Вторресурс-Переработка""";;Реализация ТМЦ
83;Колено трубы D120- оц;Металлопрокат;шт;20;145,15;"г.Новокузнецк ООО ""Вторресурс-Переработка""";;Реализация ТМЦ
84;Отмет D12 - оц;Метизы;шт;6;122,93;"г.Новокузнецк ООО ""Вторресурс-Переработка""";;Реализация ТМЦ
85;Металлоконструкции балка подкрановая;Металлопрокат;т;183,448;0;"г.Новокузнецк ООО ""Вторресурс-Переработка""";https://www.avito.ru/novokuznetsk/remont_i_stroitelstvo/podkranovye_balki_metallokonstruktsii_2852622113;Реализация ТМЦ
86;Канат ГОСТ 2688-80 d=25,5-Г-Н;Канаты, стропы, цепи;м;150;256,99;"г.Новокузнецк ООО ""Вторресурс-Переработка""";;Реализация ТМЦ
87;Электродвигатель 4МТМ 225 L6 У1 (55/955) IМ 1003;Электродвигатели и комлектующие;шт.;1;170 666,67;"г.Новокузнецк ООО ""Вторресурс-Переработка""";https://www.avito.ru/novokuznetsk/remont_i_stroitelstvo/elektrodvigateli_v_assortimente_2852772792;Реализация ТМЦ
88;Джойстик VNS0 4 4 F GGEA-X 14 4D0 4D0+2*G13;КИПиА и средства автоматизации;шт;2;договорная;"г.Новокузнецк ООО ""Вторресурс-Переработка""";;Реализация ТМЦ
89;7025318 Клапан;Запчасти;шт;1;32 576,45;"г.Новокузнецк ООО ""Вторресурс-Переработка""";;Реализация ТМЦ
90;9062722 Ремкомплект цилиндра качающегося моста;Запчасти;шт;2;19 375,63;"г.Новокузнецк ООО ""Вторресурс-Переработка""";;Реализация ТМЦ
91;Втулка 9642173;Запчасти;шт;3;23 652,36;"г.Новокузнецк ООО ""Вторресурс-Переработка""";;Реализация ТМЦ
92;Втулка 9951311;Запчасти;шт;3;9 991,56;"г.Новокузнецк ООО ""Вторресурс-Переработка""";;Реализация ТМЦ
93;Втулка PG5-660 (PG5-660.02.001);Запчасти;шт;11;3 098,81;"г.Новокузнецк ООО ""Вторресурс-Переработка""";;Реализация ТМЦ
94;Втулка PG5-660 (PG5-660.02.001);Запчасти;шт;16;2 763,83;"г.Новокузнецк ООО ""Вторресурс-Переработка""";;Реализация ТМЦ
95;Втулка гидроцилиндра стрелы 9164350;Запчасти;шт;3;12 022,93;"г.Новокузнецк ООО ""Вторресурс-Переработка""";;Реализация ТМЦ
96;втулка серьги грейфера 9026242;Запчасти;шт;2;6 668,41;"г.Новокузнецк ООО ""Вторресурс-Переработка""";;Реализация ТМЦ
97;Кольцо уплотнительное 10490787;Запчасти;шт;24;352,73;"г.Новокузнецк ООО ""Вторресурс-Переработка""";;Реализация ТМЦ
98;Крестовина GUK-12;Запчасти;шт;1;868,83;"г.Новокузнецк ООО ""Вторресурс-Переработка""";;Реализация ТМЦ
99;ремкомплект поршня 9156042;Запчасти;шт;1;7 859,57;"г.Новокузнецк ООО ""Вторресурс-Переработка""";;Реализация ТМЦ
100;Сальник на насос 7030002;Запчасти;шт;2;520,61;"г.Новокузнецк ООО ""Вторресурс-Переработка""";;Реализация ТМЦ
101;Соленоид 5616765;Запчасти;шт;1;10 165,57;"г.Новокузнецк ООО ""Вторресурс-Переработка""";;Реализация ТМЦ
102;Соленоид 7023379;Запчасти;шт;2;6 122,13;"г.Новокузнецк ООО ""Вторресурс-Переработка""";;Реализация ТМЦ
103;трубка гидравлическая 9613031;Запчасти;шт;2;19 078,72;"г.Новокузнецк ООО ""Вторресурс-Переработка""";;Реализация ТМЦ
104;трубка подачи масла турбины 10115743;Запчасти;шт;1;3 916,56;"г.Новокузнецк ООО ""Вторресурс-Переработка""";;Реализация ТМЦ
105;уголок 9881766;Запчасти;шт;2;3 050,75;"г.Новокузнецк ООО ""Вторресурс-Переработка""";;Реализация ТМЦ
106;Хомут 10411367;Запчасти;шт;2;15 432,88;"г.Новокузнецк ООО ""Вторресурс-Переработка""";;Реализация ТМЦ
107;7011819 Уплотнительное кольцо;Химические реактивы;шт;1;1 470,24;"г.Новокузнецк ООО ""Вторресурс-Переработка""";;Реализация ТМЦ
108;Гранит керамический 60*60 UF003 (полир) ректифицированный;Строительные материалы;шт;171;315;"г.Новокузнецк ООО ""Вторресурс-Переработка""";https://www.avito.ru/novokuznetsk/remont_i_stroitelstvo/plitka_keramogranit_3908386257;Реализация ТМЦ
109;Гранит керамический 60*60 UF013 (полир);Строительные материалы;шт;53;315;"г.Новокузнецк ООО ""Вторресурс-Переработка""";https://www.avito.ru/novokuznetsk/remont_i_stroitelstvo/plitka_keramogranit_3908386257;Реализация ТМЦ
110;Держатель с защелкой CF20;Электротехнические материалы;шт;500;3,27;"г.Новокузнецк ООО ""Вторресурс-Переработка""";;Реализация ТМЦ
111;Кабель ВВГнг 5х95-1;Кабель, провод;м;48;3 267,00;"г.Новокузнецк ООО ""Вторресурс-Переработка""";;Реализация ТМЦ
112;Кляммер рядовой нерж. 1,2 мм (430);Метизы и крепеж;шт;526;23,12;"г.Новокузнецк ООО ""Вторресурс-Переработка""";;Реализация ТМЦ
113;Отвод 50*45гр;Инженерная сантехника;шт;2;20,83;"г.Новокузнецк ООО ""Вторресурс-Переработка""";;Реализация ТМЦ
114;Отвод ПП 90гр. Дн50;Инженерная сантехника;шт;1;20;"г.Новокузнецк ООО ""Вторресурс-Переработка""";;Реализация ТМЦ
115;Переход ПП 110*50;Инженерная сантехника;шт;1;47,5;"г.Новокузнецк ООО ""Вторресурс-Переработка""";;Реализация ТМЦ
116;Подшипник 2556;Запчасти;шт;2;54 167,00;"г.Новокузнецк ООО ""Вторресурс-Переработка""";;Реализация ТМЦ
117;Провод ПуГВнг(А)-LS 1х10;Кабель, провод;шт;100;94,44;"г.Новокузнецк ООО ""Вторресурс-Переработка""";;Реализация ТМЦ
118;Прокладка паронитовая 2мм 90*80;Строительные материалы;шт;549;4,92;"г.Новокузнецк ООО ""Вторресурс-Переработка""";;Реализация ТМЦ
119;Тройник ПП прямой 90гр Дн110-110;Инженерная сантехника;шт;2;120;"г.Новокузнецк ООО ""Вторресурс-Переработка""";;Реализация ТМЦ
120;Труба водосточная D120* 1250 мм. Оц;Инженерная сантехника;шт;47;195,42;"г.Новокузнецк ООО ""Вторресурс-Переработка""";;Реализация ТМЦ
121;Труба нержавеющая (GF) 20А;Металлопрокат;пог.м;60;180;"г.Новокузнецк ООО ""Вторресурс-Переработка""";;Реализация ТМЦ
122;Шнур волокно-оптический OS2 LC/UPC-LC/UPC двойной LSZH нг(А)-HFLT*2мм;Расходные материалы на вычисл. и орг техник;шт;3;266,66;"г.Новокузнецк ООО ""Вторресурс-Переработка""";;Реализация ТМЦ
123;Щит/Бокс ЩРН-П-36;Электротехнические материалы;шт;3;1 233,33;"г.Новокузнецк ООО ""Вторресурс-Переработка""";;Реализация ТМЦ
124;Дюбель фасадный 10*100;Метизы и крепеж;шт;2000;75;"г.Новокузнецк ООО ""Вторресурс-Переработка""";;Реализация ТМЦ
125;WILO Насос скваженный EMU k 127-2-NU 911-2/50 90 кВт 6038647;Насосы и комплектующие;шт;3;договорная;"г.Таштагол, ООО ""Запсибруда""";https://www.avito.ru/tashtagol/remont_i_stroitelstvo/wilo_nasos_skvazhennyy_emu_k_127-2-nu_911-250_2852049864;Реализация ТМЦ
126;WILO-Прибор запуска, защиты, упр SK-712/sd-3-110 (230A) 2895311;Приборы КИП и комплектующие;шт;1;договорная;"г.Таштагол, ООО ""Запсибруда""";https://www.avito.ru/tashtagol/remont_i_stroitelstvo/wilo_nasos_skvazhennyy_emu_k_127-2-nu_911-250_2852049864;Реализация ТМЦ
127;Весы конвейерные АВП-К-650;Весовое оборудование ;компл;2;договорная;"г.Таштагол, ООО ""Запсибруда""";;Реализация ТМЦ
128;Мигалка Ду100 с конусным клапаном 3.146И1-0;Запорная арматура (задвижки, клапаны);шт.;3;договорная;"г.Таштагол, ООО ""Запсибруда""";;Реализация ТМЦ
129;Эл. двигатель АИР 315 160,0/1500лапы б/у ;Электродвигатели и комлектующие;шт.;1;договорная;"г.Таштагол, ООО ""Запсибруда""";https://www.avito.ru/novokuznetsk/remont_i_stroitelstvo/elektrodvigateli_v_assortimente_2852772792;Реализация ТМЦ
130;Электродвигатель 5АИ 160 М4 18.5/1500 IM 2001 380В/660В;Электродвигатели и комлектующие;шт.;1;договорная;"г.Таштагол, ООО ""Запсибруда""";https://www.avito.ru/novokuznetsk/remont_i_stroitelstvo/elektrodvigateli_v_assortimente_2852772792;Реализация ТМЦ
131;Эл.двигатель 5АНК280А-6С-75УЗ 75/1000 IM1001;Электродвигатели и комлектующие;шт.;1;договорная;"г.Таштагол, ООО ""Запсибруда""";https://www.avito.ru/novokuznetsk/remont_i_stroitelstvo/elektrodvigateli_v_assortimente_2852772792;Реализация ТМЦ
132;Эл.двигатель АИР 100;Электродвигатели и комлектующие;шт.;1;договорная;"г.Таштагол, ООО ""Запсибруда""";https://www.avito.ru/novokuznetsk/remont_i_stroitelstvo/elektrodvigateli_v_assortimente_2852772792;Реализация ТМЦ
133;Эл.двигатель АИР 100 L3 2.2 кВт 1000 об.Фланец;Электродвигатели и комлектующие;шт.;2;договорная;"г.Таштагол, ООО ""Запсибруда""";https://www.avito.ru/novokuznetsk/remont_i_stroitelstvo/elektrodvigateli_v_assortimente_2852772792;Реализация ТМЦ
134;Электродвигатель 37квт/1500;Электродвигатели и комлектующие;шт.;1;договорная;"г.Таштагол, ООО ""Запсибруда""";https://www.avito.ru/novokuznetsk/remont_i_stroitelstvo/elektrodvigateli_v_assortimente_2852772792;Реализация ТМЦ
135;Электродвигатель 5АИ 132 M6 7.6/1500 IM1081;Электродвигатели и комлектующие;шт.;1;договорная;"г.Таштагол, ООО ""Запсибруда""";https://www.avito.ru/novokuznetsk/remont_i_stroitelstvo/elektrodvigateli_v_assortimente_2852772792;Реализация ТМЦ
136;электродвигатель 5АМ112МА6 3/1000 исп IM 2081 10.5;Электродвигатели и комлектующие;шт.;1;договорная;"г.Таштагол, ООО ""Запсибруда""";https://www.avito.ru/novokuznetsk/remont_i_stroitelstvo/elektrodvigateli_v_assortimente_2852772792;Реализация ТМЦ
137;Электродвигатель 5АМХ 3квт/1500 об/мин;Электродвигатели и комлектующие;шт.;1;договорная;"г.Таштагол, ООО ""Запсибруда""";https://www.avito.ru/novokuznetsk/remont_i_stroitelstvo/elektrodvigateli_v_assortimente_2852772792;Реализация ТМЦ
138;Электродвигатель АИР 15кВт760;Электродвигатели и комлектующие;шт.;1;договорная;"г.Таштагол, ООО ""Запсибруда""";https://www.avito.ru/novokuznetsk/remont_i_stroitelstvo/elektrodvigateli_v_assortimente_2852772792;Реализация ТМЦ
139;Электродвигатель АИР 160М6 15кВт/1000 об. Лапы;Электродвигатели и комлектующие;шт.;1;договорная;"г.Таштагол, ООО ""Запсибруда""";https://www.avito.ru/novokuznetsk/remont_i_stroitelstvo/elektrodvigateli_v_assortimente_2852772792;Реализация ТМЦ
140;Электродвигатель АИР 200М4 37кВт*1500об/мин 1081 лапы;Электродвигатели и комлектующие;шт.;1;договорная;"г.Таштагол, ООО ""Запсибруда""";https://www.avito.ru/novokuznetsk/remont_i_stroitelstvo/elektrodvigateli_v_assortimente_2852772792;Реализация ТМЦ
141;Электродвигатель АИР90L6 1,5/100 IM1081;Электродвигатели и комлектующие;шт.;1;договорная;"г.Таштагол, ООО ""Запсибруда""";https://www.avito.ru/novokuznetsk/remont_i_stroitelstvo/elektrodvigateli_v_assortimente_2852772792;Реализация ТМЦ
142;Электродвигатель АМ 200 22Квт;Электродвигатели и комлектующие;шт.;1;договорная;"г.Таштагол, ООО ""Запсибруда""";https://www.avito.ru/novokuznetsk/remont_i_stroitelstvo/elektrodvigateli_v_assortimente_2852772792;Реализация ТМЦ
143;IC200UDR164 Контроллер VersaMax Micro;Приборы КИП и комплектующие;шт;1;14 564,10;"г.Новокузнецк,ООО ""ЗСЭМЗ""";;Реализация ТМЦ
144;IC200UEX011 модуль расширения VersaMax Micro;Приборы КИП и комплектующие;шт;1;4 592,28;"г.Новокузнецк,ООО ""ЗСЭМЗ""";;Реализация ТМЦ
145;IC200UEX636 аналоговый модуль расширения VersaMax Micro;Приборы КИП и комплектующие;шт;1;11 336,38;"г.Новокузнецк,ООО ""ЗСЭМЗ""";;Реализация ТМЦ
146;Труба медная М1Л д.70х15х2500 мм;Инженерная сантехника;кг;702;договорная;"г.Новокузнецк,ООО ""ЗСЭМЗ""";;Реализация ТМЦ
147;Болт БСР 12*110 ГОСТ 28778-90 Ст.3;Метизы и крепеж;шт;1596;73,95;"г.Новокузнецк,ООО ""ЗСЭМЗ""";;Реализация ТМЦ
148;Модуль порошкового пожаротушения Тунгус-6 МПП(Н)-6-И-ГЭ-У2;Прочие материалы;шт;9;3 765,61;"г.Новокузнецк,ООО ""ЗСЭМЗ""";;Реализация ТМЦ
149;Болт анкерный 1.1 М36 L=1250;Метизы и крепеж;шт;35;430,48;"г.Новокузнецк,ООО ""ЗСЭМЗ""";;Реализация ТМЦ
150;Болт 1.1 М36*1500 Lрезьбы 150мм;Метизы и крепеж;шт;24;596,71;"г.Новокузнецк,ООО ""ЗСЭМЗ""";;Реализация ТМЦ
151;Отвод крутоизогнутый ст.20 Ду377*10;Инженерная сантехника;шт;2;7 377,82;"г.Новокузнецк,ООО ""ЗСЭМЗ""";;Реализация ТМЦ
152;Подшипник 2226 (N226);Запчасти;шт;2;5 512,96;"г.Новокузнецк,ООО ""ЗСЭМЗ""";;Реализация ТМЦ
153;Болт фундаментный исп.5 М36*1600 ГОСТ 24379;Метизы и крепеж;шт;8;860,18;"г.Новокузнецк,ООО ""ЗСЭМЗ""";;Реализация ТМЦ
154;Болт анкерный М10х60 с крюком;Метизы и крепеж;шт;692;25,96;"г.Новокузнецк,ООО ""ЗСЭМЗ""";;Реализация ТМЦ
155;Лист медный М1 0,5х600х1500 ДПРНМ;Лист;кг;19;договорная;"г.Новокузнецк,ООО ""ЗСЭМЗ""";;Реализация ТМЦ
156;Кран шаровый 2-ходовой R2015-2P5-S1;Инженерная сантехника;шт;2;5 644,71;"г.Новокузнецк,ООО ""ЗСЭМЗ""";;Реализация ТМЦ
157;Кран шаровый 2-ходовой R2025-4-S1;Инженерная сантехника;шт;2;5 454,17;"г.Новокузнецк,ООО ""ЗСЭМЗ""";;Реализация ТМЦ
158;Болт анкерный 1.1М36х1460  L=150;Метизы и крепеж;шт;7;479,75;"г.Новокузнецк,ООО ""ЗСЭМЗ""";;Реализация ТМЦ
159;Отвод 90 325х7 ГОСТ 17375-2001;Инженерная сантехника;шт;1;3 873,86;"г.Новокузнецк,ООО ""ЗСЭМЗ""";;Реализация ТМЦ
160;Кран шаровый 2-ходовой R2015-1P6-S1;Инженерная сантехника;шт;1;3 599,74;"г.Новокузнецк,ООО ""ЗСЭМЗ""";;Реализация ТМЦ
161;"Воздухоотводчик автомат Ду  1/2"" VAL TEC ник (прямой) 502";Инженерная сантехника;шт;16;500,32;"г.Новокузнецк,ООО ""ЗСЭМЗ""";;Реализация ТМЦ
162;Кабель коаксикальный 75 Ом РК75-4-15;Кабель, провод;м;200;33,43;"г.Новокузнецк,ООО ""ЗСЭМЗ""";;Реализация ТМЦ
163;Анкер-шпилька HAS-E M12*110/28;Метизы и крепеж;шт;44;52,56;"г.Новокузнецк,ООО ""ЗСЭМЗ""";;Реализация ТМЦ
164;Болт анкерный   1.1М16х600  L=70;Метизы и крепеж;шт;6;142,63;"г.Новокузнецк,ООО ""ЗСЭМЗ""";;Реализация ТМЦ
165;Болт анкерный   1.1М20х800  L=100;Метизы и крепеж;шт;3;207,47;"г.Новокузнецк,ООО ""ЗСЭМЗ""";;Реализация ТМЦ
166;Анкер клиновой 10х100;Метизы и крепеж;шт;50;42,8;"г.Новокузнецк,ООО ""ЗСЭМЗ""";;Реализация ТМЦ
167;Гайка К481 (3/4) УЗ;Вспомогательные материалы;шт;52;13,33;"г.Новокузнецк,ООО ""ЗСЭМЗ""";;Реализация ТМЦ
168;Гайка К482 (1) У3;Вспомогательные материалы;шт;16;16,65;"г.Новокузнецк,ООО ""ЗСЭМЗ""";;Реализация ТМЦ
169;Болт анкерный с гайкой 12*60 мм;Метизы и крепеж;шт;23;11,99;"г.Новокузнецк,ООО ""ЗСЭМЗ""";;Реализация ТМЦ
170;Анкер К675;Метизы и крепеж;шт;2;88,92;"г.Новокузнецк,ООО ""ЗСЭМЗ""";;Реализация ТМЦ
171;Модуль I-7021P CR 16-bit analog output module;Электротехнические материалы;шт;1;16 084,40;"г.Новокузнецк,ООО ""ЗСЭМЗ""";;Реализация ТМЦ
172;Кабель ОКА-М6П-А48-6,0;Кабель, провод;м;40;52,03;"г.Новокузнецк,ООО ""ЗСЭМЗ""";;Реализация ТМЦ
173;Стекло ветровое Maverick ;Запчасти к спецтехнике;шт;2;230 166,31;"г.Новокузнецк, АО ""Регионстрой""";https://www.avito.ru/novokuznetsk/zapchasti_i_aksessuary/steklo_vetrovoe_can-am_maverick_xrs_turbo_3683897571;Реализация ТМЦ
174;FMP56-41N4/0 FMP56-AACCAANBB3GDE+AIPBZ1 Levelflex FMP56 Микроимпульсный уровнемер NB: 6.000 мм, трос;Приборы КИП и комплектующие;шт;1;60 452,99;"г.Новокузнецк, АО ""Регионстрой""";;Реализация ТМЦ
175;Вентилятор канальный  ВКт 250;Вентиляционное оборудование и комплектующие;шт;1;1 874,58;"г.Новокузнецк, АО ""Регионстрой""";;Реализация ТМЦ
176;Емкостной датчик Kapazitiver Naeherungsschalter KD5044 Германия;Приборы КИП и комплектующие;шт;4;2 886,72;"г.Новокузнецк, АО ""Регионстрой""";;Реализация ТМЦ
177;Клапан балансир руч муфт с нип/дренаж MSV-BD Ду 40 Ру 20 Danfoss 003Z4005;Запорная арматура (задвижки, клапаны);шт;1;2 111,86;"г.Новокузнецк, АО ""Регионстрой""";;Реализация ТМЦ
178;Комплект перех. 1х3/4 в блистере;Строительные/отделочные материалы;шт;40;57,38;"г.Новокузнецк, АО ""Регионстрой""";;Реализация ТМЦ
179;Сифон для мойки СБУ;Сантехника;шт;17;46;"г.Новокузнецк, АО ""Регионстрой""";;Реализация ТМЦ
180;"Сифон Элит для 2-ой мойки с нерж. чашк. с отв. с/м (11/2""40) d 1.5";Сантехника;шт;2;78,31;"г.Новокузнецк, АО ""Регионстрой""";;Реализация ТМЦ
181;Тройник наружный 160х110х45;Запасные части общепромышленного назначения;шт;9;69,27;"г.Новокузнецк, АО ""Регионстрой""";;Реализация ТМЦ
182;Тройник 57х3,5 стальной ГОСТ 17376-01;Запасные части общепромышленного назначения;шт;1;79,66;"г.Новокузнецк, АО ""Регионстрой""";;Реализация ТМЦ
183;Комплект подключения к AHU KAH-01B;Строительные/отделочные материалы;шт;1;4 462,54;"г.Новокузнецк, АО ""Регионстрой""";;Реализация ТМЦ
184;Раковина ARKITEKT 4047B003-0001 (белый);Сантехника;шт;24;628,81;"г.Новокузнецк, АО ""Регионстрой""";;Реализация ТМЦ
185;Сифон ВМ1003 АНИ Юнг 1.1/4*32;Сантехника;шт;12;63,9;"г.Новокузнецк, АО ""Регионстрой""";;Реализация ТМЦ
186;Отвод Ду377*8 ст20 ГОСТ 17375;Металлопрокат;шт;2;2 699,66;"г.Новокузнецк, АО ""Регионстрой""";;Реализация ТМЦ
187;Отвод крутоизогнутый ДУ-108-3,5-4;Металлопрокат;шт;1;101;"г.Новокузнецк, АО ""Регионстрой""";;Реализация ТМЦ
188;Тройник стальной 108*4;Металлопрокат;шт;2;159,13;"г.Новокузнецк, АО ""Регионстрой""";;Реализация ТМЦ
189;Труба 273*6 ГОСТ 10705-80;Металлопрокат;т;0,574;договорная;"г.Новокузнецк, АО ""Регионстрой""";;Реализация ТМЦ
190;Труба 377*6;Металлопрокат;т;0,147;договорная;"г.Новокузнецк, АО ""Регионстрой""";;Реализация ТМЦ
191;Труба 377*8 ГОСТ 10705 ст09Г2С;Металлопрокат;т;0,275;договорная;"г.Новокузнецк, АО ""Регионстрой""";;Реализация ТМЦ
192;Труба гофрированная DN17мм ПВ-0 Dвн=16,8мм Dнар=21,2мм;Запасные части общепромышленного назначения;м;19;28,34;"г.Новокузнецк, АО ""Регионстрой""";;Реализация ТМЦ
193;Трубы стальные оцинкованные 80 *4,0 6000;Металлопрокат;т;0,385;договорная;"г.Новокузнецк, АО ""Регионстрой""";;Реализация ТМЦ
194;Комплектное устройство управления Я5115-2974-29УХЛ4 380В, цепи управления 220В;Приборы КИП и комплектующие;шт;1;1 607,84;"г.Новокузнецк, АО ""Регионстрой""";;Реализация ТМЦ
195;Комплектное устройство управления Я5135-2474-28УХЛ4 380В, цепи управления 220В;Приборы КИП и комплектующие;шт;1;2 219,71;"г.Новокузнецк, АО ""Регионстрой""";;Реализация ТМЦ
196;РУСМ 5114-3174;Запасные части общепромышленного назначения;шт;1;1 125,42;"г.Новокузнецк, АО ""Регионстрой""";;Реализация ТМЦ
197;Светильник ARS/S 418 4х18Вт IP20 (15641810);Светильники;шт;1;420;"г.Новокузнецк, АО ""Регионстрой""";https://www.avito.ru/novokuznetsk/mebel_i_interer/svetilnik_prozhektor_3907765293;Реализация ТМЦ
198;Тепловая завеса Антарес Универсал ПРО 1202А без нагрева;Вентиляционное оборудование и комплектующие;шт;17;11 197,30;"г.Новокузнецк, АО ""Регионстрой""";https://www.avito.ru/novokuznetsk/bytovaya_tehnika/teplovaya_zavesa_antares_universal_pro_1202a_bez_na_3396258002;Реализация ТМЦ
199;Шкаф распределительный 380В, IP54, с выключателями АВВ: 1SDA070334R1, S803, S203;Низковольтное электротехническое оборудование;шт;1;19 120,00;"г.Новокузнецк, АО ""Регионстрой""";https://www.avito.ru/novokuznetsk/remont_i_stroitelstvo/schit_raspredelitelnyy_3940367592;Реализация ТМЦ
200;Шкаф распределительный ПР8503-1161-54 УХЛ2(13/1582.4)(13/1582.4);Низковольтное электротехническое оборудование;шт;24;6 349,04;"г.Новокузнецк, АО ""Регионстрой""";https://www.avito.ru/novokuznetsk/remont_i_stroitelstvo/schit_raspredelitelnyy_3940367592;Реализация ТМЦ
201;Шкаф распределительный ЩРО 8505-2614-Н УХЛЗ.1 (1);Низковольтное электротехническое оборудование;шт;2;3 400,00;"г.Новокузнецк, АО ""Регионстрой""";https://www.avito.ru/novokuznetsk/remont_i_stroitelstvo/schit_raspredelitelnyy_3940367592;Реализация ТМЦ
202;Шкаф управления навесной IP54 АК-1 ч.088-ЭМ4.6 (КУ1);Низковольтное электротехническое оборудование;шт;1;2 761,56;"г.Новокузнецк, АО ""Регионстрой""";https://www.avito.ru/novokuznetsk/remont_i_stroitelstvo/schit_raspredelitelnyy_3940367592;Реализация ТМЦ
203;ЩРО 8505-2409-Н УХЛ3 щит распределительный;Низковольтное электротехническое оборудование;шт;2;1 831,68;"г.Новокузнецк, АО ""Регионстрой""";https://www.avito.ru/novokuznetsk/remont_i_stroitelstvo/schit_raspredelitelnyy_3940367592;Реализация ТМЦ
204;ЩРО 8505-4532;Низковольтное электротехническое оборудование;шт;1;2 944,91;"г.Новокузнецк, АО ""Регионстрой""";https://www.avito.ru/novokuznetsk/remont_i_stroitelstvo/schit_raspredelitelnyy_3940367592;Реализация ТМЦ
205;ЩРО8505-4722;Низковольтное электротехническое оборудование;шт;1;9 763,48;"г.Новокузнецк, АО ""Регионстрой""";https://www.avito.ru/novokuznetsk/remont_i_stroitelstvo/schit_raspredelitelnyy_3940367592;Реализация ТМЦ
206;Ящик протяжной, IP54 У654У2;Низковольтное электротехническое оборудование;шт;1;304,56;"г.Новокузнецк, АО ""Регионстрой""";https://www.avito.ru/novokuznetsk/remont_i_stroitelstvo/schit_raspredelitelnyy_3940367592;Реализация ТМЦ
207;Ящик управления РУСМ 5115-2674;Низковольтное электротехническое оборудование;шт;2;2 623,79;"г.Новокузнецк, АО ""Регионстрой""";https://www.avito.ru/novokuznetsk/remont_i_stroitelstvo/schit_raspredelitelnyy_3940367592;Реализация ТМЦ
208;Выключатель автоматический 3П 200А 400В 18 КА;Низковольтное электротехническое оборудование;шт;1;4 365,08;"г.Новокузнецк, АО ""Регионстрой""";https://www.avito.ru/novokuznetsk/remont_i_stroitelstvo/schit_raspredelitelnyy_3940367592;Реализация ТМЦ
209;Изовер;Окна, двери, кровельные материалы, плитка;шт;4;548,31;"г.Новокузнецк, АО ""Регионстрой""";;Реализация ТМЦ
210;Источник бесперебойного питания/ИБП Скат-1200;Приборы КИП и комплектующие;шт;1;2 303,64;"г.Новокузнецк, АО ""Регионстрой""";;Реализация ТМЦ
211;Кабельный органайзер NMC-OK600-2;Кабель и провод, наконечники для кабеля, муфты;шт;2;335,02;"г.Новокузнецк, АО ""Регионстрой""";;Реализация ТМЦ
212;Плита для цоколя 300*150*20;Окна, двери, кровельные материалы, плитка; м2;40,95;1 237,38;"г.Новокузнецк, АО ""Регионстрой""";https://www.avito.ru/novokuznetsk/remont_i_stroitelstvo/plitka_keramogranit_3908386257;Реализация ТМЦ
213;Плита для цоколя 300*300*20;Окна, двери, кровельные материалы, плитка; м2;33,57;1 213,39;"г.Новокузнецк, АО ""Регионстрой""";https://www.avito.ru/novokuznetsk/remont_i_stroitelstvo/plitka_keramogranit_3908386257;Реализация ТМЦ
214;"Плитка тротуарная ""Класико 6""";Окна, двери, кровельные материалы, плитка; м2;11,24;632,96;"г.Новокузнецк, АО ""Регионстрой""";https://www.avito.ru/novokuznetsk/remont_i_stroitelstvo/plitka_keramogranit_3908386257;Реализация ТМЦ
215;Площадка 300*600*30мм;Окна, двери, кровельные материалы, плитка; м2;9;1 950,40;"г.Новокузнецк, АО ""Регионстрой""";https://www.avito.ru/novokuznetsk/remont_i_stroitelstvo/plitka_keramogranit_3908386257;Реализация ТМЦ
216;Прожектор 2700К СТ 1100000110;Светильники;шт;7;5 332,07;"г.Новокузнецк, АО ""Регионстрой""";https://www.avito.ru/novokuznetsk/mebel_i_interer/svetilnik_prozhektor_3907765293;Реализация ТМЦ
217;Прожектор LED12 3000К;Светильники;шт;8;2 680,93;"г.Новокузнецк, АО ""Регионстрой""";https://www.avito.ru/novokuznetsk/mebel_i_interer/svetilnik_prozhektor_3907765293;Реализация ТМЦ
218;Прожектор LED24 3000К;Светильники;шт;3;3 723,52;"г.Новокузнецк, АО ""Регионстрой""";https://www.avito.ru/novokuznetsk/mebel_i_interer/svetilnik_prozhektor_3907765293;Реализация ТМЦ
219;Прожектор светодиодный ДО-50Вт 6500К 3600Лм;Светильники;шт;1;292,45;"г.Новокузнецк, АО ""Регионстрой""";https://www.avito.ru/novokuznetsk/mebel_i_interer/svetilnik_prozhektor_3907765293;Реализация ТМЦ
220;Светильник BARRO 10 CT 1558000010;Светильники;шт;16;3 586,88;"г.Новокузнецк, АО ""Регионстрой""";https://www.avito.ru/novokuznetsk/mebel_i_interer/svetilnik_prozhektor_3907765293;Реализация ТМЦ
221;Светильник BARRO 7P CT 1558000040;Светильники;шт;1;2 869,50;"г.Новокузнецк, АО ""Регионстрой""";https://www.avito.ru/novokuznetsk/mebel_i_interer/svetilnik_prozhektor_3907765293;Реализация ТМЦ
222;Светильник LED 1200 4000К;Светильники;шт;1;1 640,38;"г.Новокузнецк, АО ""Регионстрой""";https://www.avito.ru/novokuznetsk/mebel_i_interer/svetilnik_prozhektor_3907765293;Реализация ТМЦ
223;Светильник LED 4000К;Светильники;шт;1;1 218,37;"г.Новокузнецк, АО ""Регионстрой""";https://www.avito.ru/novokuznetsk/mebel_i_interer/svetilnik_prozhektor_3907765293;Реализация ТМЦ
224;Светильник LED 5000К;Светильники;шт;2;2 533,44;"г.Новокузнецк, АО ""Регионстрой""";https://www.avito.ru/novokuznetsk/mebel_i_interer/svetilnik_prozhektor_3907765293;Реализация ТМЦ
225;Сигнал звуковой;Пожарное оборудование, приборы охранно-пожарной сигнализации ;шт;1;2 431,74;"г.Новокузнецк, АО ""Регионстрой""";;Реализация ТМЦ
226;Труба гофрированная ПВХ 16мм с протяжкой;РТИ, РВД, АТИ;м;37;2,08;"г.Новокузнецк, АО ""Регионстрой""";;Реализация ТМЦ
227;4 соединителя для кабеля А9ХРСМ04;Электротехнические материалы;упак;3;473,04;"г.Новокузнецк, АО ""Регионстрой""";;Реализация ТМЦ
228;Индикатор NR7HP01;Запчасти;шт;2;1 846,85;"г.Новокузнецк, АО ""Регионстрой""";;Реализация ТМЦ
229;Регулятор скорости вентилятора RTRD2 (3-, 2А) ;Запчасти;шт;1;17 658,21;"г.Новокузнецк, АО ""Регионстрой""";;Реализация ТМЦ
230;Табло световое ТС-2-8 красное св.;Электротехнические материалы;шт;4;2 977,66;"г.Новокузнецк, АО ""Регионстрой""";;Реализация ТМЦ
231;"Оповещатель световой пожарный Блик-С-24 (""ВЫХОД"", 24В)";Электротехнические материалы;шт;16;187,4;"г.Новокузнецк, АО ""Регионстрой""";;Реализация ТМЦ
232;Амперметр EC72 /5A;Электротехнические материалы;шт;3;526,19;"г.Новокузнецк, АО ""Регионстрой""";;Реализация ТМЦ
233;Амперметр А72 600А/5А-1,5;Измерительные приборы и устройства;шт;2;358,29;"г.Новокузнецк, АО ""Регионстрой""";;Реализация ТМЦ
234;"Манометр радиальный Dn50мм 1/4""
(шкала до 1,0 Мпа), SIM-0010-501008";Инженерная сантехника;шт;7;233,75;"г.Новокузнецк, АО ""Регионстрой""";;Реализация ТМЦ
235;Блок зажимов БЗ24-4п25-10;Электротехнические материалы;шт;4;56,59;"г.Новокузнецк, АО ""Регионстрой""";;Реализация ТМЦ
236;Блок клапанный 1100-БКН-1-08;Электротехнические материалы;шт;2;1 536,33;"г.Новокузнецк, АО ""Регионстрой""";;Реализация ТМЦ
237;Бобышка 1130 М20х1,5-сталь20;Запчасти;шт;1;132;"г.Новокузнецк, АО ""Регионстрой""";;Реализация ТМЦ
238;Бобышка Эмис-Векта 1330-М20х1,5-сталь20;Запчасти;шт;1;145,2;"г.Новокузнецк, АО ""Регионстрой""";;Реализация ТМЦ
239;Бобышка М27*2 50мм;Запчасти;шт;2;56,83;"г.Новокузнецк, АО ""Регионстрой""";;Реализация ТМЦ
240;Втулка В 28;Вспомогательные материалы;шт;64;1,65;"г.Новокузнецк, АО ""Регионстрой""";;Реализация ТМЦ
241;Втулка В 54;Вспомогательные материалы;шт;4;3,62;"г.Новокузнецк, АО ""Регионстрой""";;Реализация ТМЦ
242;Заглушка ПП/РР 110;Инженерная сантехника;шт;1;15,01;"г.Новокузнецк, АО ""Регионстрой""";;Реализация ТМЦ
243;"Муфта комбинированная для шланга РР 66*2"" М";Инженерная сантехника;шт;1;148,96;"г.Новокузнецк, АО ""Регионстрой""";;Реализация ТМЦ
244;Тройник РР 110/110 87,5 гр.;Инженерная сантехника;шт;16;61,62;"г.Новокузнецк, АО ""Регионстрой""";;Реализация ТМЦ
245;Тройник РР 50/50/87,5;Инженерная сантехника;шт;32;22,11;"г.Новокузнецк, АО ""Регионстрой""";;Реализация ТМЦ
246;Тройник ПП 63мм;Инженерная сантехника;шт;2;64,32;"г.Новокузнецк, АО ""Регионстрой""";;Реализация ТМЦ
247;Тройник ПП косой 45гр.Дн110-110-50;Инженерная сантехника;шт;7;35,75;"г.Новокузнецк, АО ""Регионстрой""";;Реализация ТМЦ
248;Тройник ПП 110/50/87гр;Инженерная сантехника;шт;38;36,2;"г.Новокузнецк, АО ""Регионстрой""";;Реализация ТМЦ
249;Труба с раструбом PP 110 750мм;Инженерная сантехника;шт;3;36,56;"г.Новокузнецк, АО ""Регионстрой""";;Реализация ТМЦ
250;Труба с раструбом PP 110/1000;Инженерная сантехника;шт;1;143,8;"г.Новокузнецк, АО ""Регионстрой""";;Реализация ТМЦ
251;Труба с раструбом PP 50 250мм;Инженерная сантехника;шт;3;29,64;"г.Новокузнецк, АО ""Регионстрой""";;Реализация ТМЦ
252;Труба PP PN20 63мм;Инженерная сантехника;мп;30;219,12;"г.Новокузнецк, АО ""Регионстрой""";;Реализация ТМЦ
253;Труба PPRC Ду20 PN20;Инженерная сантехника;м;10;22,31;"г.Новокузнецк, АО ""Регионстрой""";;Реализация ТМЦ
254;Труба ПЭ100 SDR 17- 63*3,8 питьевая;Инженерная сантехника;м;20;68,23;"г.Новокузнецк, АО ""Регионстрой""";;Реализация ТМЦ
255;Труба гофрированная ПВХ 50мм с протяжкой;Электротехнические материалы;м;25;30,55;"г.Новокузнецк, АО ""Регионстрой""";;Реализация ТМЦ
256;Труба гофрированная ПЛЛ 32мм с протяжкой;Инженерная сантехника;м;50;86,85;"г.Новокузнецк, АО ""Регионстрой""";;Реализация ТМЦ
257;Датчик ДТКБ-46 температуры;Электротехнические материалы;шт;1;469,88;"г.Новокузнецк, АО ""Регионстрой""";;Реализация ТМЦ
258;Датчик ИД64И;Электротехнические материалы;шт;6;2 708,75;"г.Новокузнецк, АО ""Регионстрой""";;Реализация ТМЦ
259;Датчик-реле температуры ДТКБ-44;Электротехнические материалы;шт;1;410,44;"г.Новокузнецк, АО ""Регионстрой""";;Реализация ТМЦ
260;Датчик-реле температуры ДТКБ-49;Электротехнические материалы;шт;1;410,44;"г.Новокузнецк, АО ""Регионстрой""";;Реализация ТМЦ
261;Датчик-реле температуры ДТКБ-51;Электротехнические материалы;шт;1;398,9;"г.Новокузнецк, АО ""Регионстрой""";;Реализация ТМЦ
262;Термометр для помещений JUMO heatTHERM 603070/0001;Электротехнические материалы;шт;1;1 901,70;"г.Новокузнецк, АО ""Регионстрой""";;Реализация ТМЦ
263;Термометр БТ-51-211 L=64 160град, G1/2;Инженерная сантехника;шт;4;589,42;"г.Новокузнецк, АО ""Регионстрой""";;Реализация ТМЦ
264;Термопреобразователь сопротивления ТС-1088 -/1/ -/ Pt100/ -50/...+200/80/10/ В/АГ-10/С/ №3/ ГП;Прочие материалы;шт;1;926,75;"г.Новокузнецк, АО ""Регионстрой""";;Реализация ТМЦ
265;Термопреобразователь сопротивления ТС-1088Л -/1/ -/ Pt100/ -50/...+200/80/10/ В/СП-1/С/№3/ ГП;Прочие материалы;шт;1;888,25;"г.Новокузнецк, АО ""Регионстрой""";;Реализация ТМЦ
266;Держатель для труб d20мм ;Электротехнические материалы;шт;35;2,15;"г.Новокузнецк, АО ""Регионстрой""";;Реализация ТМЦ
267;Заглушка/Колпачок пластиковый FEC 41 B для консолей и монтажных шин, арт. 77355 Fischer;Электротехнические материалы;шт;1;28,22;"г.Новокузнецк, АО ""Регионстрой""";;Реализация ТМЦ
268;Колпачок изолирующий для разъема RJ-45;Электротехнические материалы;шт;96;1,82;"г.Новокузнецк, АО ""Регионстрой""";;Реализация ТМЦ
269;Кабельный канал CD 60х60 3240193;Электротехнические материалы;шт;2;848,79;"г.Новокузнецк, АО ""Регионстрой""";;Реализация ТМЦ
270;Кабель-канал 80х60;Электротехнические материалы;м;2;217,02;"г.Новокузнецк, АО ""Регионстрой""";;Реализация ТМЦ
271;Пласт.ввод.кабел.панель R1581.000 5шт.;Расходные материалы на вычисл. и орг техник;упак;4;2 245,60;"г.Новокузнецк, АО ""Регионстрой""";;Реализация ТМЦ
272;Сплиттер ADSL D-Link DSL-30CF/RS ADSL;Расходные материалы на вычисл. и орг техник;шт;1;148,04;"г.Новокузнецк, АО ""Регионстрой""";;Реализация ТМЦ
273;Кольцо опорное КО-6 (0,02 м3);Строительные материалы;шт;2;258,19;"г.Новокузнецк, АО ""Регионстрой""";;Реализация ТМЦ
274;Кольцо стеновое КЦ 7.9 (0.15 м3);Строительные материалы;шт;2;1 048,59;"г.Новокузнецк, АО ""Регионстрой""";;Реализация ТМЦ
275;КЦД-15 Дно колодца;Прочие материалы;шт;2;1 214,58;"г.Новокузнецк, АО ""Регионстрой""";;Реализация ТМЦ
276;КЦП 1-15-2, Крышка колодца;Прочие материалы;шт;1;1 960,21;"г.Новокузнецк, АО ""Регионстрой""";;Реализация ТМЦ
277;Плита перекрытия КЦП 3-10;Прочие материалы;шт;1;1 445,28;"г.Новокузнецк, АО ""Регионстрой""";;Реализация ТМЦ
278;Кольцо уплотнительное;Запчасти;шт;16;343,66;"г.Новокузнецк, АО ""Регионстрой""";;Реализация ТМЦ
279;Кольцо уплотнительное Тайтон Ду 100;Инженерная сантехника;шт;12;95,18;"г.Новокузнецк, АО ""Регионстрой""";;Реализация ТМЦ
280;Кольцо уплотнительное Тайтон Ду 150;Инженерная сантехника;шт;4;112,75;"г.Новокузнецк, АО ""Регионстрой""";;Реализация ТМЦ
281;Кольцо уплотнительное Тайтон Ду 200;Инженерная сантехника;шт;24;154,32;"г.Новокузнецк, АО ""Регионстрой""";;Реализация ТМЦ
282;Резиновое уплотнительное кольцо Ду100;Запчасти;шт;9;112,2;"г.Новокузнецк, АО ""Регионстрой""";;Реализация ТМЦ
283;Лампа ДНАТ 400 Вт;Лампы, люстры, светильники;шт;29;235,57;"г.Новокузнецк, АО ""Регионстрой""";https://www.avito.ru/novokuznetsk/mebel_i_interer/svetilnik_prozhektor_3907765293;Реализация ТМЦ
284;Лента Л 207 (уп.25м);Сменное оборудование;упак;2;504,17;"г.Новокузнецк, АО ""Регионстрой""";;Реализация ТМЦ
285;"Писсуар ""СЛАВУТА"" в комплекте (сифон, КРАН)";Инженерная сантехника;шт;1;481,82;"г.Новокузнецк, АО ""Регионстрой""";;Реализация ТМЦ
286;Умывальник керамический (500х400) Россия;Инженерная сантехника;шт;4;696,21;"г.Новокузнецк, АО ""Регионстрой""";;Реализация ТМЦ
287;"Чаша ""Генуя"" с сиф., рассеив.БЕЗ БАЧКА";Инженерная сантехника;шт;2;1 060,13;"г.Новокузнецк, АО ""Регионстрой""";;Реализация ТМЦ
288;Шнур переходной FC/APC-LC/APC, 9/125, двойной, 2м;Электротехнические материалы;шт;2;140,02;"г.Новокузнецк, АО ""Регионстрой""";;Реализация ТМЦ
289;Анкер-гильза HLC 10*65\25;Метизы и крепеж;шт;159;27,2;"г.Новокузнецк, АО ""Регионстрой""";;Реализация ТМЦ
290;Анкер-шпилька HST3-R M12*115 40/20;Метизы и крепеж;шт;4;443,33;"г.Новокузнецк, АО ""Регионстрой""";;Реализация ТМЦ
291;Болт БСР 10*100 ст3 ГОСТ 28778-90;Метизы и крепеж;шт;48;50,02;"г.Новокузнецк, АО ""Регионстрой""";;Реализация ТМЦ
292;Болт БСР 12*110 ;Метизы и крепеж;шт;24;52,94;"г.Новокузнецк, АО ""Регионстрой""";;Реализация ТМЦ
293;Болт с Т-образной головкой CLIx S 10*60, арт.20919 Fischer;Метизы и крепеж;шт;3;251,61;"г.Новокузнецк, АО ""Регионстрой""";;Реализация ТМЦ
294;Болт фундаментный исп.2.1 М16*350 ГОСТ 24379.1-80;Метизы и крепеж;компл;16;307,96;"г.Новокузнецк, АО ""Регионстрой""";;Реализация ТМЦ
295;Гайка монтажная АТССМГ-М12;Электротехнические материалы;шт;73;50,35;"г.Новокузнецк, АО ""Регионстрой""";;Реализация ТМЦ
296;Гайка монтажная АТССМГ-М8;Электротехнические материалы;шт;153;36,16;"г.Новокузнецк, АО ""Регионстрой""";;Реализация ТМЦ
297;Гильза алюминиевая ГА 16-5,4;Электротехнические материалы;шт;8;7,9;"г.Новокузнецк, АО ""Регионстрой""";;Реализация ТМЦ
298;Гильза защитная 1300-1-08-120-15МПа-М20х1,5-12Х18Н10Т;Электротехнические материалы;шт;1;441;"г.Новокузнецк, АО ""Регионстрой""";;Реализация ТМЦ
299;Держатель НЛ-Д;Электротехнические материалы;шт;1;69,2;"г.Новокузнецк, АО ""Регионстрой""";;Реализация ТМЦ
300;Держатель плавкой вставки ДВП4-2В;Электротехнические материалы;шт;4;102,08;"г.Новокузнецк, АО ""Регионстрой""";;Реализация ТМЦ
301;Держатель/распорка TS;Электротехнические материалы;шт;24;201,49;"г.Новокузнецк, АО ""Регионстрой""";;Реализация ТМЦ
302;Деталь 6*460*100;Прочие материалы;шт;72;125,94;"г.Новокузнецк, АО ""Регионстрой""";;Реализация ТМЦ
303;Диффузор круглый потолочный универсальный пластиковый 250;Инженерная сантехника;шт;17;279,61;"г.Новокузнецк, АО ""Регионстрой""";;Реализация ТМЦ
304;Дождеприемник ДБ-2;Инженерная сантехника;шт;1;8 747,08;"г.Новокузнецк, АО ""Регионстрой""";;Реализация ТМЦ
305;Дюбель д/изоляции IZM 10*140мм;Метизы и крепеж;шт;39;2,65;"г.Новокузнецк, АО ""Регионстрой""";;Реализация ТМЦ
306;Дюбель д/изоляции IZО 10*140;Метизы и крепеж;шт;80;2,65;"г.Новокузнецк, АО ""Регионстрой""";;Реализация ТМЦ
307;Дюбель монтажный 10х160;Метизы и крепеж;шт;500;7,18;"г.Новокузнецк, АО ""Регионстрой""";;Реализация ТМЦ
308;Дюбель фасадный KD10*80мм;Метизы и крепеж;шт;200;10,2;"г.Новокузнецк, АО ""Регионстрой""";;Реализация ТМЦ
309;Заглушка 32 ст.20;Электротехнические материалы;шт;100;18,67;"г.Новокузнецк, АО ""Регионстрой""";;Реализация ТМЦ
310;Заглушка У-1087 УХЛ2,5;Электротехнические материалы;шт;4;70,18;"г.Новокузнецк, АО ""Регионстрой""";;Реализация ТМЦ
311;Зажим тросовый К676;Электротехнические материалы;шт;18;209,69;"г.Новокузнецк, АО ""Регионстрой""";;Реализация ТМЦ
312;Зажим У1115 УХЛ2,5;Электротехнические материалы;шт;86;123,67;"г.Новокузнецк, АО ""Регионстрой""";;Реализация ТМЦ
313;Заклепка ZK 4,8*12;Метизы и крепеж;шт;100;1,06;"г.Новокузнецк, АО ""Регионстрой""";;Реализация ТМЦ
314;Запорная рукоятка для клапанов  RA-N,RA-G DANFOSS 013G3300;Запчасти;шт;2;515,39;"г.Новокузнецк, АО ""Регионстрой""";;Реализация ТМЦ
315;Затвор дисковый поворотный Ду50 Ру16;Инженерная сантехника;шт;1;490,88;"г.Новокузнецк, АО ""Регионстрой""";;Реализация ТМЦ
316;Затвор дисковый поворотный Ду150 Ру16;Инженерная сантехника;шт;1;2 958,09;"г.Новокузнецк, АО ""Регионстрой""";;Реализация ТМЦ
317;Затвор поворотный дисковый с упл. EPDM Ду65 Ру16;Инженерная сантехника;шт;6;718,08;"г.Новокузнецк, АО ""Регионстрой""";;Реализация ТМЦ
318;ЗК14-2-10 уст. 12-1/1 0,01-450- Ст.20Л(з) отборное устройство разряжения;Запчасти;шт;8;735;"г.Новокузнецк, АО ""Регионстрой""";;Реализация ТМЦ
319;Устройство отборное давления ЗК14-2-102, установка 5а-У, 16-70-Ст.20МП;Запчасти;шт;2;912;"г.Новокузнецк, АО ""Регионстрой""";;Реализация ТМЦ
320;ЗК14-2-2-02 уст. 1б-у отборное устройство давления ;Инженерная сантехника;шт;1;165,46;"г.Новокузнецк, АО ""Регионстрой""";;Реализация ТМЦ
321;ЗК4-1-6-95 уст. 01-07 20-10 57*32;Прочие материалы;шт;30;655,28;"г.Новокузнецк, АО ""Регионстрой""";;Реализация ТМЦ
322;Электропривод Belimo LR24A-SR;Инженерная сантехника;шт;4;8 124,67;"г.Новокузнецк, АО ""Регионстрой""";;Реализация ТМЦ
323;КК8, Коробка распределительная;Электротехнические материалы;шт;23;9,53;"г.Новокузнецк, АО ""Регионстрой""";;Реализация ТМЦ
324;Клапан Atos DKQ-024/C/24-EX 24DC;Запчасти;шт;4;18 751,12;"г.Новокузнецк, АО ""Регионстрой""";;Реализация ТМЦ
325;Клапан КЛК-250-Р Ду 250  сталь 09Г2С;Инженерная сантехника;шт;1;26 191,67;"г.Новокузнецк, АО ""Регионстрой""";;Реализация ТМЦ
326;Клапан обратный FAF 2370 Ду100 Ру16 тарельчатый, межфланцевый;Инженерная сантехника;шт;1;8 954,17;"г.Новокузнецк, АО ""Регионстрой""";;Реализация ТМЦ
327;"Клапан обратный VALTEC 1 1/4""  VT.161.N.07";Инженерная сантехника;шт;3;566,71;"г.Новокузнецк, АО ""Регионстрой""";;Реализация ТМЦ
328;Ключ К1156 гальванопокрытие для крепления кабельных полок;Электротехнические материалы;шт;5;48,07;"г.Новокузнецк, АО ""Регионстрой""";https://www.avito.ru/novokuznetsk/remont_i_stroitelstvo/lotok_neperforirovannyylestnichnyy_dlya_kabelya_3940355076;Реализация ТМЦ
329;Кольцо опорно-направляющее ОНК 89/273 с крепежом и защитной прокладкой ;Запчасти;шт;5;585,28;"г.Новокузнецк, АО ""Регионстрой""";;Реализация ТМЦ
330;Кольцо опорно-направляющее ОНК-273/530;Запчасти;шт;4;1 035,61;"г.Новокузнецк, АО ""Регионстрой""";;Реализация ТМЦ
331;Кольцо опорно-направляющее ОНК-377/630;Запчасти;шт;13;1 050,00;"г.Новокузнецк, АО ""Регионстрой""";;Реализация ТМЦ
332;Компенсатор шинный К52 У2;Электротехнические материалы;шт;18;560,9;"г.Новокузнецк, АО ""Регионстрой""";;Реализация ТМЦ
333;Комплект кабельных наконечников КНсп 95 кв.мм (для ВА04-36/ВА51-35);Электротехнические материалы;уп;1;117,4;"г.Новокузнецк, АО ""Регионстрой""";;Реализация ТМЦ
334;Комплект монтажных частей 100-ФР1-1,6-100;Электротехнические материалы;шт;1;6 944,00;"г.Новокузнецк, АО ""Регионстрой""";;Реализация ТМЦ
335;Комплект монтажных частей 125-Ф-1,6-100;Электротехнические материалы;шт;1;7 976,50;"г.Новокузнецк, АО ""Регионстрой""";;Реализация ТМЦ
336;Консоль для тяжелых нагрузок FMC 90-1500 230*230*15-1500мм, арт. 547805 Fischer;Электротехнические материалы;шт;1;26 872,59;"г.Новокузнецк, АО ""Регионстрой""";https://www.avito.ru/novokuznetsk/remont_i_stroitelstvo/lotok_neperforirovannyylestnichnyy_dlya_kabelya_3940355076;Реализация ТМЦ
337;Короб прямой У1079 150*100*2000 УХЛ2,5;Электротехнические материалы;шт;29;1 419,98;"г.Новокузнецк, АО ""Регионстрой""";https://www.avito.ru/novokuznetsk/remont_i_stroitelstvo/lotok_neperforirovannyylestnichnyy_dlya_kabelya_3940355076;Реализация ТМЦ
338;Короб тройниковый У1084 УХЛ2,5;Электротехнические материалы;шт;16;1 025,54;"г.Новокузнецк, АО ""Регионстрой""";https://www.avito.ru/novokuznetsk/remont_i_stroitelstvo/lotok_neperforirovannyylestnichnyy_dlya_kabelya_3940355076;Реализация ТМЦ
339;Короб тройниковый У1110 УХЛ2,5;Электротехнические материалы;шт;5;1 083,51;"г.Новокузнецк, АО ""Регионстрой""";https://www.avito.ru/novokuznetsk/remont_i_stroitelstvo/lotok_neperforirovannyylestnichnyy_dlya_kabelya_3940355076;Реализация ТМЦ
340;Короб угловой вверх У1081 УХЛ2,5;Электротехнические материалы;шт;16;568,46;"г.Новокузнецк, АО ""Регионстрой""";https://www.avito.ru/novokuznetsk/remont_i_stroitelstvo/lotok_neperforirovannyylestnichnyy_dlya_kabelya_3940355076;Реализация ТМЦ
341;Короб угловой вниз У1082 УХЛ2,5;Электротехнические материалы;шт;6;704,83;"г.Новокузнецк, АО ""Регионстрой""";https://www.avito.ru/novokuznetsk/remont_i_stroitelstvo/lotok_neperforirovannyylestnichnyy_dlya_kabelya_3940355076;Реализация ТМЦ
342;Короб угловой горизонтальный У1083 УХЛ2,5;Электротехнические материалы;шт;8;1 131,20;"г.Новокузнецк, АО ""Регионстрой""";https://www.avito.ru/novokuznetsk/remont_i_stroitelstvo/lotok_neperforirovannyylestnichnyy_dlya_kabelya_3940355076;Реализация ТМЦ
343;Коробка 70х16х44 КМРН;Электротехнические материалы;шт;3;483,4;"г.Новокузнецк, АО ""Регионстрой""";;Реализация ТМЦ
344;Коробка монтажная 3*2мод. горизонт. глубин. 40мм съемный вход 32*12,5мм;Электротехнические материалы;шт;4;668,36;"г.Новокузнецк, АО ""Регионстрой""";;Реализация ТМЦ
345;Коробка распределительная 100мм скрытая с крышкой;Электротехнические материалы;шт;596;13,92;"г.Новокузнецк, АО ""Регионстрой""";;Реализация ТМЦ
346;Коробка распр. ОП 100х100х50 IP55;Электротехнические материалы;шт;2;83,3;"г.Новокузнецк, АО ""Регионстрой""";;Реализация ТМЦ
347;Коробка распределительная У-409-3 (3-рожковая);Электротехнические материалы;шт;1;98,34;"г.Новокузнецк, АО ""Регионстрой""";;Реализация ТМЦ
348;Коробка распределительная КРТМ 10;Электротехнические материалы;шт;2;258,07;"г.Новокузнецк, АО ""Регионстрой""";;Реализация ТМЦ
349;Коробка установочная СП 68х45 ГУСИ С3Е3;Электротехнические материалы;шт;17;10,47;"г.Новокузнецк, АО ""Регионстрой""";;Реализация ТМЦ
350;"Кран шаровый 2"" ВВ";Метизы и крепеж;шт;1;2 658,05;"г.Новокузнецк, АО ""Регионстрой""";;Реализация ТМЦ
351;"Кран шаровой 11/2"" вн-вн VALTEC BASE, VT.214.N.08";Инженерная сантехника;шт;5;1 444,92;"г.Новокузнецк, АО ""Регионстрой""";;Реализация ТМЦ
352;"Кран шаровой 11/4"" вн-вн VALTEC BASE, VT.214.N.07";Инженерная сантехника;шт;7;939,17;"г.Новокузнецк, АО ""Регионстрой""";;Реализация ТМЦ
353;Кран шаровой 11Б27п1 вн-нар Ду15;Метизы и крепеж;шт;2;148,02;"г.Новокузнецк, АО ""Регионстрой""";;Реализация ТМЦ
354;"Кран шаровой VALTEC 1/2""вн-1/4""вн для подключения манометра, VT.807.N.0402";Инженерная сантехника;шт;7;248,21;"г.Новокузнецк, АО ""Регионстрой""";;Реализация ТМЦ
355;Кран шаровой муфтовый 11б41п, Ру-16 Ду-32, м/м рыч.;Инженерная сантехника;шт;2;374,5;"г.Новокузнецк, АО ""Регионстрой""";;Реализация ТМЦ
356;Кран шаровой сталь 11с67п СФ Ду 100 Ру40 СФ.00.1.040.100;Инженерная сантехника;шт;1;7 203,00;"г.Новокузнецк, АО ""Регионстрой""";;Реализация ТМЦ
357;Крепежный профиль Г-образный 60х44х3000 (ОЦ-01-БЦ-0,9);Строительные материалы;шт;6;207,32;"г.Новокузнецк, АО ""Регионстрой""";;Реализация ТМЦ
358;Кронштейн 550*450 (уголковый);Инвентарь и хозпринадлежности;шт;2;213,5;"г.Новокузнецк, АО ""Регионстрой""";;Реализация ТМЦ
359;Кронштейн 750*500;Инвентарь и хозпринадлежности;компл;2;749;"г.Новокузнецк, АО ""Регионстрой""";;Реализация ТМЦ
360;Кронштейн для радиатора;Запчасти;шт;20;210;"г.Новокузнецк, АО ""Регионстрой""";;Реализация ТМЦ
361;Кронштейн К-5 ТК3-105-90;Электротехнические материалы;шт;2;350;"г.Новокузнецк, АО ""Регионстрой""";;Реализация ТМЦ
362;Кронштейн КК-120 (ОЦ-01-БЦ-1,2);Прочие материалы;шт;105;10,21;"г.Новокузнецк, АО ""Регионстрой""";;Реализация ТМЦ
363;Кронштейн угловой универсальный;Строительные материалы;шт;100;19,25;"г.Новокузнецк, АО ""Регионстрой""";;Реализация ТМЦ
364;КРТП-10*2, Коробка распределительная телефонная плоская на 2х10 пар проводов, 120х100х22мм;Электротехнические материалы;шт;4;129,25;"г.Новокузнецк, АО ""Регионстрой""";;Реализация ТМЦ
365;Крышка для угловой секции 90° вверх АТЛКС-КУ90 В20;Электротехнические материалы;шт;6;177,11;"г.Новокузнецк, АО ""Регионстрой""";;Реализация ТМЦ
366;Лоток лестничный НЛ 40-П1.87 УЗ L=2000;Запчасти;шт;104;538,29;"г.Новокузнецк, АО ""Регионстрой""";https://www.avito.ru/novokuznetsk/remont_i_stroitelstvo/lotok_neperforirovannyylestnichnyy_dlya_kabelya_3940355076;Реализация ТМЦ
367;Лоток лестничный НЛС 200х40 L2000 сталь 1,2мм;Электротехнические материалы;шт;25;406,06;"г.Новокузнецк, АО ""Регионстрой""";https://www.avito.ru/novokuznetsk/remont_i_stroitelstvo/lotok_neperforirovannyylestnichnyy_dlya_kabelya_3940355076;Реализация ТМЦ
368;Лоток листовой перфорированный АТЛКП 100*80*3000;Электротехнические материалы;шт;6;1 495,52;"г.Новокузнецк, АО ""Регионстрой""";https://www.avito.ru/novokuznetsk/remont_i_stroitelstvo/lotok_neperforirovannyylestnichnyy_dlya_kabelya_3940355076;Реализация ТМЦ
369;Лоток листовой перфорированный АТЛКП 200*80*3000 (1,5мм);Электротехнические материалы;шт;18;2 466,49;"г.Новокузнецк, АО ""Регионстрой""";https://www.avito.ru/novokuznetsk/remont_i_stroitelstvo/lotok_neperforirovannyylestnichnyy_dlya_kabelya_3940355076;Реализация ТМЦ
370;Металлорукав РГМ-Ф-СС-65-16-1,5;Запчасти;шт;4;5 509,58;"г.Новокузнецк, АО ""Регионстрой""";;Реализация ТМЦ
371;Модуль релейный RIF-1-RPT-LDP-24DC/1х21, арт. 2903332;Электротехнические материалы;шт;2;874,93;"г.Новокузнецк, АО ""Регионстрой""";;Реализация ТМЦ
372;Муфта 3ПКВтБнг-HF1-6,0-Прр;Электротехнические материалы;шт;2;1 633,91;"г.Новокузнецк, АО ""Регионстрой""";;Реализация ТМЦ
373;Муфта 3ПКВтнг-HF1-2,5-Пр;Электротехнические материалы;шт;4;1 095,89;"г.Новокузнецк, АО ""Регионстрой""";;Реализация ТМЦ
374;Муфта 4СТП 1 (70-120);Запчасти;шт;4;2 676,89;"г.Новокузнецк, АО ""Регионстрой""";;Реализация ТМЦ
375;Муфта 5ПКВТнг-HF1-16-Пр;Электротехнические материалы;шт;4;1 438,07;"г.Новокузнецк, АО ""Регионстрой""";;Реализация ТМЦ
376;Муфта 5ПСТ-1-70/120;Электротехнические материалы;шт;2;1 041,01;"г.Новокузнецк, АО ""Регионстрой""";;Реализация ТМЦ
377;Резьбовой крепежный элемент с наружной резьбой РКН-25 / Муфта вводная МВ-25;Электротехнические материалы;шт;2;72,39;"г.Новокузнецк, АО ""Регионстрой""";;Реализация ТМЦ
378;Муфта кабельная 3ПСТ-6-150/240-Б;Электротехнические материалы;шт;2;5 280,88;"г.Новокузнецк, АО ""Регионстрой""";;Реализация ТМЦ
379;Муфта кабельная 5ПКТп-1-16/25-Б;Электротехнические материалы;шт;2;1 493,58;"г.Новокузнецк, АО ""Регионстрой""";;Реализация ТМЦ
380;Муфта кабельная 5ПКТп-1-25/50-Б;Электротехнические материалы;шт;4;1 604,44;"г.Новокузнецк, АО ""Регионстрой""";;Реализация ТМЦ
381;Муфта МТ-25;Электротехнические материалы;шт;8;64,62;"г.Новокузнецк, АО ""Регионстрой""";;Реализация ТМЦ
382;Муфта натяжная К805ц УТ1,5(УЗ) Ст.Оскол;Инженерная сантехника;шт;3;752,67;"г.Новокузнецк, АО ""Регионстрой""";;Реализация ТМЦ
383;"Муфта переходная  VALTEC 1 1/4""*1/2"" вн-вн";Инженерная сантехника;шт;6;268,34;"г.Новокузнецк, АО ""Регионстрой""";;Реализация ТМЦ
384;Муфта ТР-5 У ЗЭТАРУС zeta40913;Вспомогательные материалы;шт;34;47,77;"г.Новокузнецк, АО ""Регионстрой""";;Реализация ТМЦ
385;Муфта ТР-7УЗ;Вспомогательные материалы;шт;36;85,93;"г.Новокузнецк, АО ""Регионстрой""";;Реализация ТМЦ
386;Муфта ТР-8;Электротехнические материалы;шт;16;135,68;"г.Новокузнецк, АО ""Регионстрой""";;Реализация ТМЦ
387;Труба щелевая ТС-86х140-RT1,5/Q25х18-0,6;Строительные материалы;шт;2;18 022,64;"г.Новокузнецк, АО ""Регионстрой""";;Реализация ТМЦ
388;"Труба медная 1/4"" (6,35мм)";Инженерная сантехника;м;17;договорная;"г.Новокузнецк, АО ""Регионстрой""";;Реализация ТМЦ
389;"Трубка медная 3/4"" (19,1мм)";Инженерная сантехника;пог.м;2;договорная;"г.Новокузнецк, АО ""Регионстрой""";;Реализация ТМЦ
390;Трубопровод из медных труб для жидкости - 6мм, для газа 9мм;Строительные материалы;м;5;договорная;"г.Новокузнецк, АО ""Регионстрой""";;Реализация ТМЦ
391;Трубопровод из медных труб с теплоизоляцией, б=9мм, для газа ф6,35мм;Строительные материалы;пог.м;25;договорная;"г.Новокузнецк, АО ""Регионстрой""";;Реализация ТМЦ
392;Трубопровод из медных труб с теплоизоляцией, б=9мм, для газа ф9,53мм;Строительные материалы;пог.м;16;договорная;"г.Новокузнецк, АО ""Регионстрой""";;Реализация ТМЦ
393;Трубопровод из медных труб ф 16мм;Прочие материалы;м;5;договорная;"г.Новокузнецк, АО ""Регионстрой""";;Реализация ТМЦ
394;Трубопровод из медных труб ф 9мм;Прочие материалы;м;5;договорная;"г.Новокузнецк, АО ""Регионстрой""";;Реализация ТМЦ
395;Угольник У600 ТК3-286-90;Электротехнические материалы;шт;6;договорная;"г.Новокузнецк, АО ""Регионстрой""";;Реализация ТМЦ
396;Направляющие TLK-VNS2-L-42U;Электротехнические материалы;шт;3;1 334,38;"г.Новокузнецк, АО ""Регионстрой""";;Реализация ТМЦ
397;"Ниппель 2"" нар.-нар.";Инженерная сантехника;шт;1;428,75;"г.Новокузнецк, АО ""Регионстрой""";;Реализация ТМЦ
398;Ниппель радиаторный;Инвентарь и хозпринадлежности;шт;92;7;"г.Новокузнецк, АО ""Регионстрой""";;Реализация ТМЦ
399;Трансформатор трехфазный понижающий 380/36 50Гц 1кВа IP54 ТСЗИ-1, 0-УХЛ2;Электротехнические материалы;шт;3;6 049,40;"г.Новокузнецк, АО ""Регионстрой""";;Реализация ТМЦ
400;Трансформатор ТТН40/600/5-5VA/0,5 SQ1101-0096;Электротехнические материалы;шт;2;392,64;"г.Новокузнецк, АО ""Регионстрой""";;Реализация ТМЦ
401;Оконцеватель для металлорукава 25мм ЗЭТАРУС zeta41013;Электротехнические материалы;шт;38;11,98;"г.Новокузнецк, АО ""Регионстрой""";;Реализация ТМЦ
402;"Датчик давления Pressure Tr.4010 R 0-10b 1/2G 4-20m25, 99218426
";Прочие материалы;шт;1;40 688,75;"г.Новокузнецк, АО ""Регионстрой""";;Реализация ТМЦ
403;Труба 630*10 ГОСТ 10704-91;Трубы;м;108;14 833,33;"г.Новокузнецк, АО ""Регионстрой""";;Реализация ТМЦ
404;Труба 273*6 ГОСТ 10704-91 с наружно-битумным покрытием ВУС по ГОСТ 9.602-2016;Трубы;м;120;5 250,00;"г.Новокузнецк, АО ""Регионстрой""";;Реализация ТМЦ
405;Труба 530*10 ГОСТ 10704-91 с наружно-битумным покрытием ВУС по ГОСТ 9.602-2016;Трубы;м;12;11 833,33;"г.Новокузнецк, АО ""Регионстрой""";;Реализация ТМЦ
406;Блок управления PCB-SW для распашных ворот;Запчасти;шт;2;5 260,00;"г.Новокузнецк, АО ""Регионстрой""";;Реализация ТМЦ
407;"Вибрационный сигнализатор уровня 
VEGA WAVE 61 WE61.XXAGDRAMX";Основные средства;шт;80;28 487,50;"г.Новокузнецк, АО ""Регионстрой""";;Реализация ТМЦ
408;Гаситель вибрации ГВУ-1,6-2,4;Прочие материалы;шт;6;1 706,00;"г.Новокузнецк, АО ""Регионстрой""";;Реализация ТМЦ
409;Дюбель 6*51 (1000 шт.);Метизы и крепеж;уп;0;701;"г.Новокузнецк, АО ""Регионстрой""";;Реализация ТМЦ
410;Кронштейн ККУ-230 с шайбой (ОЦ-01-БЦ-1,2);Прочие материалы;шт;2760;46,67;"г.Новокузнецк, АО ""Регионстрой""";;Реализация ТМЦ
411;Рамный анкер HRD-H 10*80;Метизы и крепеж;шт;138;64,17;"г.Новокузнецк, АО ""Регионстрой""";;Реализация ТМЦ
412;Сам.винт E-VS BOHR 5 НТ 19 5.5*240;Метизы и крепеж;шт;8;34,32;"г.Новокузнецк, АО ""Регионстрой""";;Реализация ТМЦ
413;Сам.винт SDT14-F19-5.5*240;Метизы и крепеж;шт;63;110,05;"г.Новокузнецк, АО ""Регионстрой""";;Реализация ТМЦ
414;Таль ручная червячная передвижная ТРЧП 0,5-6-УЗ;Основные средства;шт;1;50 500,00;"г.Новокузнецк, АО ""Регионстрой""";;Реализация ТМЦ
415;Болт М16*65 кп 5,8 ГОСТ 7798-70/7805-70;Метизы и крепеж;тн;0,007;117 395,58;"г.Новокузнецк, АО ""Регионстрой""";;Реализация ТМЦ
416;Гайка М16 ГОСТ 5915-70;Метизы и крепеж;шт;0,002;271 997,10;"г.Новокузнецк, АО ""Регионстрой""";;Реализация ТМЦ
417;"Грильято GL15 (37/15) яч.50*50 0,6 ""мама""";Строительные материалы;шт;737;18;"г.Новокузнецк, АО ""Регионстрой""";;Реализация ТМЦ
418;"Грильято GL15 (37/15) яч.50*50 0,6 ""папа""";Строительные материалы;шт;727;18;"г.Новокузнецк, АО ""Регионстрой""";;Реализация ТМЦ
419;Грильято GL15 (37/15) яч.50*50 0,6 профиль;Строительные материалы;шт;226;10,13;"г.Новокузнецк, АО ""Регионстрой""";;Реализация ТМЦ
420;Держатель трубы D100;Инженерная сантехника;шт;6;246,66;"г.Новокузнецк, АО ""Регионстрой""";;Реализация ТМЦ
421;Заклепка 4,8*10мм;Запчасти;шт;1000;3;"г.Новокузнецк, АО ""Регионстрой""";;Реализация ТМЦ
422;Кабель ААШв-1 4*120;Кабель, провод;м;88;647,02;"г.Новокузнецк, АО ""Регионстрой""";;Реализация ТМЦ
423;Каркас АЛБЕС Т-15/41,5 3600мм;Строительные материалы;пог.м;867,6;197,05;"г.Новокузнецк, АО ""Регионстрой""";;Реализация ТМЦ
424;Керамогранит 30*179 (4 шт/уп);Строительные материалы;уп;3;6 912,97;"г.Новокузнецк, АО ""Регионстрой""";;Реализация ТМЦ
425;Колено трубы D100 (ПЛД-02-9010-0,6);Строительные материалы;шт;2;445,83;"г.Новокузнецк, АО ""Регионстрой""";;Реализация ТМЦ
426;Крепеж телескопический 100мм;Метизы и крепеж;шт;720;8,27;"г.Новокузнецк, АО ""Регионстрой""";;Реализация ТМЦ
427;Крепеж телескопический 120мм;Метизы и крепеж;шт;457;9,14;"г.Новокузнецк, АО ""Регионстрой""";;Реализация ТМЦ
428;Крепеж телескопический 140мм;Метизы и крепеж;шт;435;9,89;"г.Новокузнецк, АО ""Регионстрой""";;Реализация ТМЦ
429;Крепеж телескопический 180мм;Метизы и крепеж;шт;45;14,63;"г.Новокузнецк, АО ""Регионстрой""";;Реализация ТМЦ
430;Крепеж телескопический 20мм;Метизы и крепеж;шт;1446;5,57;"г.Новокузнецк, АО ""Регионстрой""";;Реализация ТМЦ
431;Крепеж телескопический 240мм;Метизы и крепеж;шт;482;24,32;"г.Новокузнецк, АО ""Регионстрой""";;Реализация ТМЦ
432;Крепеж телескопический 300мм;Метизы и крепеж;шт;180;28,07;"г.Новокузнецк, АО ""Регионстрой""";;Реализация ТМЦ
433;Крепеж телескопический 350мм;Метизы и крепеж;шт;140;29,52;"г.Новокузнецк, АО ""Регионстрой""";;Реализация ТМЦ
434;Крепеж телескопический 80мм;Метизы и крепеж;шт;6;7,86;"г.Новокузнецк, АО ""Регионстрой""";;Реализация ТМЦ
435;Мембрана гидро/ветрозащитная паропроницаемая BIGBAND M (1,5*46,66м);Строительные материалы;уп;5;4 000,00;"г.Новокузнецк, АО ""Регионстрой""";;Реализация ТМЦ
436;Направляющая С30 h=29 L=4м;Строительные материалы;шт;56;564;"г.Новокузнецк, АО ""Регионстрой""";;Реализация ТМЦ
437;Плинтус Orac Decor SX162;Строительные материалы;шт;28;401,53;"г.Новокузнецк, АО ""Регионстрой""";;Реализация ТМЦ
438;Плита гранитная/Ступень 1500*350*30мм;Строительные материалы;м2;1,05;5 317,46;"г.Новокузнецк, АО ""Регионстрой""";https://www.avito.ru/novokuznetsk/remont_i_stroitelstvo/plitka_keramogranit_3908386257;Реализация ТМЦ
439;Плита минераловатная 1200*600*100мм;Строительные материалы;м3;5,832;5 844,18;"г.Новокузнецк, АО ""Регионстрой""";https://www.avito.ru/novokuznetsk/remont_i_stroitelstvo/mineralnaya_plita_4067959433;Реализация ТМЦ
440;Плита минераловатная 1200*600*50мм;Строительные материалы;м3;2,394;5 844,18;"г.Новокузнецк, АО ""Регионстрой""";https://www.avito.ru/novokuznetsk/remont_i_stroitelstvo/mineralnaya_plita_4067959433;Реализация ТМЦ
441;Плита цементно-стружечная ЦСП 3200*1250*16мм ГОСТ 26816-86;Строительные материалы;м2;148;606,67;"г.Новокузнецк, АО ""Регионстрой""";https://www.avito.ru/novokuznetsk/remont_i_stroitelstvo/mineralnaya_plita_4067959433;Реализация ТМЦ
442;Плитка керамическая 7,5*30 настенная;Строительные материалы;м2;34,74;2 733,75;"г.Новокузнецк, АО ""Регионстрой""";;Реализация ТМЦ
443;Плитка настенная 20*20 (упак - 1,04м2 / 26шт);Строительные материалы;уп;9,15;536,64;"г.Новокузнецк, АО ""Регионстрой""";;Реализация ТМЦ
444;Подступенок керамический 60*10,7;Строительные материалы;шт;299;242;"г.Новокузнецк, АО ""Регионстрой""";;Реализация ТМЦ
445;Порожек угловой 20*20мм 2,7м;Строительные материалы;шт;15;497,5;"г.Новокузнецк, АО ""Регионстрой""";;Реализация ТМЦ
446;Поручень для инвалидов настенный прямой;Инженерная сантехника;шт;1;1 666,66;"г.Новокузнецк, АО ""Регионстрой""";;Реализация ТМЦ
447;Пост управления сборный 2 кнопки Osmoz, 024230;Электротехнические материалы;шт;1;2 025,56;"г.Новокузнецк, АО ""Регионстрой""";;Реализация ТМЦ
448;Профиль алюминиевый AR С 30/150 (150*30*150*3000);Строительные материалы;шт;472;2 448,35;"г.Новокузнецк, АО ""Регионстрой""";;Реализация ТМЦ
449;Профиль Т 15/38 GL15 L=0,6;Строительные материалы;м;198,6;71,58;"г.Новокузнецк, АО ""Регионстрой""";;Реализация ТМЦ
450;Профиль Т 15/38 GL15 L=1,2;Строительные материалы;м;98,4;71,58;"г.Новокузнецк, АО ""Регионстрой""";;Реализация ТМЦ
451;Профиль Т 15/38 GL15 L=3,7;Строительные материалы;м;173,9;71,58;"г.Новокузнецк, АО ""Регионстрой""";;Реализация ТМЦ
452;Профиль/планка разделительная HJ-100;Строительные материалы;шт;9;489,17;"г.Новокузнецк, АО ""Регионстрой""";;Реализация ТМЦ
453;Рейка краевая алюминиевая 2,0м;Строительные материалы;пог.м;18;139,84;"г.Новокузнецк, АО ""Регионстрой""";;Реализация ТМЦ
454;Саморез кровельный 5,5*35 (1000шт/уп);Метизы и крепеж;уп;2;7 704,17;"г.Новокузнецк, АО ""Регионстрой""";;Реализация ТМЦ
455;Соединитель желоба D125 (ПЛД-02-9010-0,6);Строительные материалы;шт;12;148,67;"г.Новокузнецк, АО ""Регионстрой""";;Реализация ТМЦ
456;Ступень керамическая 33*33 угловая;Строительные материалы;шт;107;2 670,00;"г.Новокузнецк, АО ""Регионстрой""";;Реализация ТМЦ
457;Ступень керамическая 33*60;Строительные материалы;шт;59;1 874,17;"г.Новокузнецк, АО ""Регионстрой""";;Реализация ТМЦ
458;Труба водосточная D100*3000 (ПЛД-02-9010-0,5);Строительные материалы;шт;4;1 200,00;"г.Новокузнецк, АО ""Регионстрой""";;Реализация ТМЦ
459;Шайба плоская, d 16;Запчасти;тн;0,002;209 654,50;"г.Новокузнецк, АО ""Регионстрой""";;Реализация ТМЦ
460;Шина НК рядная 17*1200мм AISI 430;Метизы и крепеж;шт;13,5;410,25;"г.Новокузнецк, АО ""Регионстрой""";;Реализация ТМЦ
461;Шина НК стартовая 17*1200мм AISI 430;Метизы и крепеж;шт;7,5;410,25;"г.Новокузнецк, АО ""Регионстрой""";;Реализация ТМЦ
462;Шина НК финишная 17*1200мм AISI 430;Метизы и крепеж;шт;10;410,25;"г.Новокузнецк, АО ""Регионстрой""";;Реализация ТМЦ
463;Элемент CF фиксирующий к С-дизайну C30;Строительные материалы;шт;6970;50,43;"г.Новокузнецк, АО ""Регионстрой""";;Реализация ТМЦ
464;Элемент соединительный для рейки С-дизайна AR CZ/W 30/150;Строительные материалы;шт;1596;245,36;"г.Новокузнецк, АО ""Регионстрой""";;Реализация ТМЦ
465;Стекло Mercedes GLE, A2926700100;Запчасти к автотранспорту;шт;1;74 617,08;"г.Новокузнецк, АО ""Регионстрой""";https://www.avito.ru/novokuznetsk/zapchasti_i_aksessuary/lobovoe_steklo_mersedes-benz_gle_3908181541;Реализация ТМЦ
466;Стекло Mercedes-Benz, A1646700500;Запчасти к автотранспорту;шт;1;65 484,05;"г.Новокузнецк, АО ""Регионстрой""";https://www.avito.ru/novokuznetsk/zapchasti_i_aksessuary/lobovoe_steklo_mersedes-benz_gle_3908181541;Реализация ТМЦ
467;Стекло Mercedes-Benz, A1676703800;Запчасти к автотранспорту;шт;1;65 698,07;"г.Новокузнецк, АО ""Регионстрой""";https://www.avito.ru/novokuznetsk/zapchasti_i_aksessuary/lobovoe_steklo_mersedes-benz_gle_3908181541;Реализация ТМЦ
468;Стекло Mercedes-Benz, A1676704700;Запчасти к автотранспорту;шт;1;76 713,61;"г.Новокузнецк, АО ""Регионстрой""";https://www.avito.ru/novokuznetsk/zapchasti_i_aksessuary/lobovoe_steklo_mersedes-benz_gle_3908181541;Реализация ТМЦ
469;Эл.магнит 41N 25мм МИС-4100 Ey2 127В 1 стор. (эм-33-6);Запасные части общепромышленного назначения;шт;4;договорная;"г. Таштагол, Минеральные ресурсы ООО ""Запсибруда""";;Реализация ТМЦ
470;Колесо К 45/55;Запасные части общепромышленного назначения;шт;5;2 044,98;"г. Таштагол, Минеральные ресурсы ООО ""Запсибруда""";;Реализация ТМЦ
471;Колесо рабочее  1 ступ.ЦНС 180-212.01.008;Запасные части общепромышленного назначения;шт;1;4 802,13;"г. Таштагол, Минеральные ресурсы ООО ""Запсибруда""";;Реализация ТМЦ
472;Колесо рабочее 6МС-0129;Запасные части общепромышленного назначения;шт;1;4 802,13;"г. Таштагол, Минеральные ресурсы ООО ""Запсибруда""";;Реализация ТМЦ
473;Колесо рабочее 6МС6-0118-1;Запасные части общепромышленного назначения;шт;1;4 802,13;"г. Таштагол, Минеральные ресурсы ООО ""Запсибруда""";;Реализация ТМЦ
474;Колесо рабочее 6МС6-0118-1.;Запасные части общепромышленного назначения;шт;1;4 802,13;"г. Таштагол, Минеральные ресурсы ООО ""Запсибруда""";;Реализация ТМЦ
475;Переходник (шпиндель) 091-59.76.1012;Запчасти к станку;шт;1;11 511,28;"г. Таштагол, Минеральные ресурсы ООО ""Запсибруда""";https://www.avito.ru/tashtagol/remont_i_stroitelstvo/zapchasti_dlya_stanka_sbsh-250_3908574180;Реализация ТМЦ
476;Подшипник 46244;Подшипники;шт;1;33 647,47;"г. Таштагол, Минеральные ресурсы ООО ""Запсибруда""";;Реализация ТМЦ
477;Подшипник 666432;Подшипники;шт;1;113 832,18;"г. Таштагол, Минеральные ресурсы ООО ""Запсибруда""";;Реализация ТМЦ
478;Ремкомплект гидроцилиндра подачи бурового снаряда;Запасные части общепромышленного назначения;шт;2;1 362,35;"г. Таштагол, Минеральные ресурсы ООО ""Запсибруда""";https://www.avito.ru/tashtagol/remont_i_stroitelstvo/zapchasti_dlya_stanka_sbsh-250_3908574180;Реализация ТМЦ
479;Сальник СБШ 1-115-145-2 гост 8752-70;Запасные части общепромышленного назначения;шт;1;195,2;"г. Таштагол, Минеральные ресурсы ООО ""Запсибруда""";https://www.avito.ru/tashtagol/remont_i_stroitelstvo/zapchasti_dlya_stanka_sbsh-250_3908574180;Реализация ТМЦ
480;Электромагнит ПЭ-36 МГ ПВ-ХЛ1-24В 52Н ПВ;Запасные части общепромышленного назначения;шт;1;1 218,45;"г. Таштагол, Минеральные ресурсы ООО ""Запсибруда""";;Реализация ТМЦ
481;Тиристор ТЛ4-250-10;Запасные части общепромышленного назначения;шт;6;1 096,98;"г. Таштагол, Минеральные ресурсы ООО ""Запсибруда""";;Реализация ТМЦ
482;Башмак тормозной горочный 8739.00 СБ стальной;Запасные части общепромышленного назначения;шт;1;1 280,00;"г. Таштагол, Минеральные ресурсы ООО ""Запсибруда""";;Реализация ТМЦ
483;Задвижка 30с41нж Ду150;Запорная арматура (задвижки, клапаны);шт;1;16 322,13;"г. Таштагол, Минеральные ресурсы ООО ""Запсибруда""";;Реализация ТМЦ
484;Задвижка 30с41нж Ду150 Ру16;Запорная арматура (задвижки, клапаны);шт;1;16 322,13;"г. Таштагол, Минеральные ресурсы ООО ""Запсибруда""";;Реализация ТМЦ
485;Штанга буровая СБШ-250, 091-55.76.0000;Запчасти к станку;шт;1;105 472,00;"г. Таштагол, Минеральные ресурсы ООО ""Запсибруда""";https://www.avito.ru/tashtagol/remont_i_stroitelstvo/zapchasti_dlya_stanka_sbsh-250_3908574180;Реализация ТМЦ
486;Автолампа А12-21-4;Запасные части к автомобилям/спецтехнике;шт;6;16,48;"г. Таштагол, Минеральные ресурсы ООО ""Запсибруда""";;Реализация ТМЦ
487;Автолампа АКГ 24-75+701;Запасные части к автомобилям/спецтехнике;шт;40;39,73;"г. Таштагол, Минеральные ресурсы ООО ""Запсибруда""";;Реализация ТМЦ
488;Блок БТОН;Запасные части общепромышленного назначения;шт;1;2 838,22;"г. Таштагол, Минеральные ресурсы ООО ""Запсибруда""";;Реализация ТМЦ
489;Болт 340430;Метизы;шт;6;125,25;"г. Таштагол, Минеральные ресурсы ООО ""Запсибруда""";;Реализация ТМЦ
490;Гайка М18 (342364);Метизы;шт;50;67,04;"г. Таштагол, Минеральные ресурсы ООО ""Запсибруда""";;Реализация ТМЦ
491;Основание токосъемника 44.51378;Запасные части общепромышленного назначения;шт;2;1 763,36;"г. Таштагол, Минеральные ресурсы ООО ""Запсибруда""";;Реализация ТМЦ
492;Палец 1080.02.15/1080.02.15-1;Запасные части к спецтехнике;шт;4;3 467,20;"г. Таштагол, Минеральные ресурсы ООО ""Запсибруда""";;Реализация ТМЦ
493;Палец 540-2917446-11;Запасные части к спецтехнике;шт;3;510,88;"г. Таштагол, Минеральные ресурсы ООО ""Запсибруда""";;Реализация ТМЦ
494;Палец 7523-2919078;Запасные части к спецтехнике;шт;6;738,13;"г. Таштагол, Минеральные ресурсы ООО ""Запсибруда""";;Реализация ТМЦ
495;Палец задней подвески 540-2917446-20;Запасные части к спецтехнике;шт;2;538,35;"г. Таштагол, Минеральные ресурсы ООО ""Запсибруда""";;Реализация ТМЦ
496;Подшипник 12316;Подшипники;шт;4;1 700,27;"г. Таштагол, Минеральные ресурсы ООО ""Запсибруда""";;Реализация ТМЦ
497;Подшипник 180312;Подшипники;шт;6;989,33;"г. Таштагол, Минеральные ресурсы ООО ""Запсибруда""";;Реализация ТМЦ
498;Подшипник 7618;Подшипники;шт;1;5 185,60;"г. Таштагол, Минеральные ресурсы ООО ""Запсибруда""";;Реализация ТМЦ
499;Подшипник 98316;Подшипники;шт;1;2 395,73;"г. Таштагол, Минеральные ресурсы ООО ""Запсибруда""";;Реализация ТМЦ
500;Поршень ЭК4.03.011;Запасные части к спецтехнике;шт;2;1 570,13;"г. Таштагол, Минеральные ресурсы ООО ""Запсибруда""";;Реализация ТМЦ
501;Пружина 540-1712131;Запасные части к автомобилям/спецтехнике;шт;15;3,19;"г. Таштагол, Минеральные ресурсы ООО ""Запсибруда""";;Реализация ТМЦ
502;Пружина 7555-3507048;Запасные части к автомобилям/спецтехнике;шт;2;40,53;"г. Таштагол, Минеральные ресурсы ООО ""Запсибруда""";;Реализация ТМЦ
503;Пружина оттяжная 500-3501037;Запасные части к автомобилям/спецтехнике;шт;2;42,63;"г. Таштагол, Минеральные ресурсы ООО ""Запсибруда""";;Реализация ТМЦ
504;Р/к цилиндра поворота 7547-34290098;Запасные части к автомобилям;шт;2;1 161,13;"г. Таштагол, Минеральные ресурсы ООО ""Запсибруда""";;Реализация ТМЦ
505;Реле РУБГТ-1-24-4;Низковольтное электротехническое оборудование;шт;2;5 405,87;"г. Таштагол, Минеральные ресурсы ООО ""Запсибруда""";;Реализация ТМЦ
506;Ротор Г256-3701200-Б;Запасные части общепромышленного назначения;шт;1;7 690,67;"г. Таштагол, Минеральные ресурсы ООО ""Запсибруда""";;Реализация ТМЦ
507;Рукав МБС 14мм;РТИ, РВД, АТИ;м;5;65,35;"г. Таштагол, Минеральные ресурсы ООО ""Запсибруда""";;Реализация ТМЦ
508;Рукав РВД 7523-8609380-01;РТИ, РВД, АТИ;шт;2;961,6;"г. Таштагол, Минеральные ресурсы ООО ""Запсибруда""";;Реализация ТМЦ
509;Рычаг левый 7523-3001031;Запасные части к автомобилям/спецтехнике;шт;1;2 118,33;"г. Таштагол, Минеральные ресурсы ООО ""Запсибруда""";;Реализация ТМЦ
510;Сальник 4085479;Запасные части к автомобилям;шт;24;872,63;"г. Таштагол, Минеральные ресурсы ООО ""Запсибруда""";;Реализация ТМЦ
511;Сухарь колодки 375-3507064;Запасные части к автомобилям/спецтехнике;шт;4;477,92;"г. Таштагол, Минеральные ресурсы ООО ""Запсибруда""";;Реализация ТМЦ
512;Трубопровод 8401-1118208;Запасные части общепромышленного назначения;шт;1;1 922,67;"г. Таштагол, Минеральные ресурсы ООО ""Запсибруда""";;Реализация ТМЦ
513;Указатель давления Эи8059-2;Приборы КИП и комплектующие;шт;2;1 340,00;"г. Таштагол, Минеральные ресурсы ООО ""Запсибруда""";;Реализация ТМЦ
514;Фонарь габарит. перед ПФ-116;Запасные части к автомобилям;шт;4;92,43;"г. Таштагол, Минеральные ресурсы ООО ""Запсибруда""";;Реализация ТМЦ
515;КонсольPanasonic KX-590_МБ5047;Приборы бытовые;шт.;1;4 943,89;"г.Новокузнецк, ООО ""Технический проезд""";;Реализация ТМЦ
516;Радиотелефон Panasonic KX-PRL260RUB_БУ;Приборы бытовые;шт.;1;5 545,93;"г.Новокузнецк, ООО ""Технический проезд""";;Реализация ТМЦ
517;Телефон Panasonic KX-ЗКД 260 RUB_БУ;Приборы КИП и комплектующие;шт.;1;4 900,00;"г.Новокузнецк, ООО ""Технический проезд""";;Реализация ТМЦ
518;Болт М20х260 кп 5.8;Метизы;тн;0,268;55 337,69;"г.Новокузнецк, ООО ""Технокластер""";;Реализация ТМЦ
519;Гайка М20 кп 6 ГОСТ 5915-70;Метизы;тн;0,08;37 384,65;"г.Новокузнецк, ООО ""Технокластер""";;Реализация ТМЦ
520;Гайка М20 кп6;Метизы;тн;0,042;37 127,56;"г.Новокузнецк, ООО ""Технокластер""";;Реализация ТМЦ
521;Гайка М20*2,5 кп 8;Метизы;кг;9;66,29;"г.Новокузнецк, ООО ""Технокластер""";;Реализация ТМЦ
522;Каболка  универсальная 10-14мм с пропиткой Е-1 ТУ-17 40-4266-91;РТИ, РВД, АТИ;кг;160;78,56;"г.Новокузнецк, ООО ""Технокластер""";;Реализация ТМЦ
523;Кран шаровый LD КШЦФ Gas 080/070.016.Н/П.020 из стали 20 Ду80/70 Ру1,6МПа;Запорная арматура (задвижки, клапаны);шт;7;1 350,33;"г.Новокузнецк, ООО ""Технокластер""";;Реализация ТМЦ
524;Подвес с зажимом 60/27;Запасные части общепромышленного назначения;шт;90;6,18;"г.Новокузнецк, ООО ""Технокластер""";;Реализация ТМЦ
525;Скоба К1157 УТ1,5;Запасные части общепромышленного назначения;шт;448;6;"г.Новокузнецк, ООО ""Технокластер""";;Реализация ТМЦ
526;Труба ПЭ100 SDR 17-225 ПИТ;Стройматериалы;п.м.;93;420,41;"г.Новокузнецк, ООО ""Технокластер""";;Реализация ТМЦ
527;Фильтр газа ФГ16-50В-ДПД;Запасные части к автомобилям/спецтехнике;шт;2;8 760,00;"г.Новокузнецк, ООО ""Технокластер""";;Реализация ТМЦ
528;Фильтр газа ФГ16-80В-ДПД;Запасные части к автомобилям/спецтехнике;шт;1;11 960,00;"г.Новокузнецк, ООО ""Технокластер""";;Реализация ТМЦ
529;Фланец Ду225 Ру10;Запорная арматура (задвижки, клапаны);шт;1;710,7;"г.Новокузнецк, ООО ""Технокластер""";;Реализация ТМЦ
530;Фланец стальной плоский LD 100*16 ст.20 ГОСТ 12820-80;Запорная арматура (задвижки, клапаны);шт;2;173,33;"г.Новокузнецк, ООО ""Технокластер""";;Реализация ТМЦ
531;Фланец Ду250 Ру16;Запорная арматура (задвижки, клапаны);шт;2;755,34;"г.Новокузнецк, ООО ""Технокластер""";;Реализация ТМЦ
532;Круг 8мм оцинкованный;Заготовка металлическая;тн;0,42;32 643,46;"г.Новокузнецк, ООО ""Технокластер""";;Реализация ТМЦ
533;Планка прижимная. Марка А3, черт. 053-1-АС,6;Нестандартное оборудование по чертежам;шт;32;390,91;"г.Новокузнецк, ООО ""Технокластер""";;Реализация ТМЦ
534;Трансформатор;Высоковольтное оборудование, высоковольтные опоры;шт.;2;договорная;"г.Новокузнецк, ООО ""Технокластер""";https://www.avito.ru/novokuznetsk/remont_i_stroitelstvo/transformator_tm_2852094869;Реализация ТМЦ
535;Трансформатор ТМЗ-1000 квт;Высоковольтное оборудование, высоковольтные опоры;шт.;1;договорная;"г.Новокузнецк, ООО ""Технокластер""";https://www.avito.ru/novokuznetsk/remont_i_stroitelstvo/transformator_tm_2852094869;Реализация ТМЦ
536;Трансформатор ТМЗ-1000/10-65 (6/0,4 кВ);Высоковольтное оборудование, высоковольтные опоры;шт.;1;договорная;"г.Новокузнецк, ООО ""Технокластер""";https://www.avito.ru/novokuznetsk/remont_i_stroitelstvo/transformator_tm_2852094869;Реализация ТМЦ
537;Трансформатор ТМ-1000;Высоковольтное оборудование, высоковольтные опоры;шт.;1;договорная;"г.Новокузнецк, ООО ""Технокластер""";https://www.avito.ru/novokuznetsk/remont_i_stroitelstvo/transformator_tm_2852094869;Реализация ТМЦ
538;Дымосос ДПЭ-7;Оборудование;компл.;1;17 004,17;"г.Новокузнецк, ООО ""Технокластер""";;Реализация ТМЦ
539;Добор телескопический;Строительные материалы;шт.;6;333,39;"г.Новокузнецк, ООО ""Технокластер""";;Реализация ТМЦ
540;Кабель ВБШвнг(А)-LS 5*150мс(N,PE)-1кВ ТУ 16.К71-310-2001 (ГОСТ 31996-2012);Кабель, провод;км;0,115;договорная;"г.Новокузнецк, ООО ""Технокластер""";;Реализация ТМЦ
541;Кабель силовой АВБШвнг(А) 4*240;Кабель, провод;м;98;договорная;"г.Новокузнецк, ООО ""Технокластер""";;Реализация ТМЦ
542;Керамзит Knauf 40л;Строительные материалы;шт.;4;221,83;"г.Новокузнецк, ООО ""Технокластер""";;Реализация ТМЦ
543;Ключ К1156 гальванопокрытие для крепления кабельных полок;Электротехнические материалы;шт.;5;48,07;"г.Новокузнецк, ООО ""Технокластер""";https://www.avito.ru/novokuznetsk/remont_i_stroitelstvo/lotok_neperforirovannyylestnichnyy_dlya_kabelya_3940355076;Реализация ТМЦ
544;Кольцо резиновое уплотнительное для двустенных труб 160мм;Инженерная сантехника;шт.;950;41,3;"г.Новокузнецк, ООО ""Технокластер""";;Реализация ТМЦ
545;Крышка лотка 200мм с заземлением;Электротехнические материалы;м;6;229,32;"г.Новокузнецк, ООО ""Технокластер""";https://www.avito.ru/novokuznetsk/remont_i_stroitelstvo/lotok_neperforirovannyylestnichnyy_dlya_kabelya_3940355076;Реализация ТМЦ
546;Крышка лотка 500мм с заземлением;Электротехнические материалы;м;12;589,69;"г.Новокузнецк, ООО ""Технокластер""";https://www.avito.ru/novokuznetsk/remont_i_stroitelstvo/lotok_neperforirovannyylestnichnyy_dlya_kabelya_3940355076;Реализация ТМЦ
547;Лоток неперфорированный 200*80 мм;Электротехнические материалы;м;6;467,11;"г.Новокузнецк, ООО ""Технокластер""";https://www.avito.ru/novokuznetsk/remont_i_stroitelstvo/lotok_neperforirovannyylestnichnyy_dlya_kabelya_3940355076;Реализация ТМЦ
548;Лоток неперфорированный 500*100мм;Электротехнические материалы;м;12;1 127,19;"г.Новокузнецк, ООО ""Технокластер""";https://www.avito.ru/novokuznetsk/remont_i_stroitelstvo/lotok_neperforirovannyylestnichnyy_dlya_kabelya_3940355076;Реализация ТМЦ
549;Муфта для двустенных труб 160мм;Инженерная сантехника;шт.;462;244,31;"г.Новокузнецк, ООО ""Технокластер""";;Реализация ТМЦ
550;Подвес с зажимом 60/27;Строительные материалы;шт.;90;6,18;"г.Новокузнецк, ООО ""Технокластер""";;Реализация ТМЦ
551;Рукав напорный РН-200 (10 м с муфтой и соед. кольцом);Запчасти;шт.;3;3 777,43;"г.Новокузнецк, ООО ""Технокластер""";;Реализация ТМЦ
552;Соединитель одноуровневый для ПП-профиля 60*27 (краб);Строительные материалы;шт.;82;13,29;"г.Новокузнецк, ООО ""Технокластер""";;Реализация ТМЦ
553;Суппорт М45 (2 поста, 4-5 мод), Legrand Batibox 80252;Расходные материалы на вычисл. и орг техник;шт.;249;61,65;"г.Новокузнецк, ООО ""Технокластер""";;Реализация ТМЦ
554;Тяга для анкерного подвеса 1000мм;Строительные материалы;шт.;90;13,44;"г.Новокузнецк, ООО ""Технокластер""";;Реализация ТМЦ
555;Шпилька анкерная HIT-V-5.8 M12*150;Метизы и крепеж;шт.;50;34,37;"г.Новокузнецк, ООО ""Технокластер""";;Реализация ТМЦ
556;Шпилька М30*1000;Метизы и крепеж;кг;102;50,67;"г.Новокузнецк, ООО ""Технокластер""";;Реализация ТМЦ
557;Кабель АВВГнг(А)-LS 3*240;Кабель, провод;м;114;1 146,65;"г.Новокузнецк, ООО ""Технокластер""";;Реализация ТМЦ
558;Кабель АВВГнг(А)-LS 3*240;Кабель, провод;м;109;1 146,65;"г.Новокузнецк, ООО ""Технокластер""";;Реализация ТМЦ
559;Кабель АВВГнг(А)-LS 3*240;Кабель, провод;м;25;1 146,65;"г.Новокузнецк, ООО ""Технокластер""";;Реализация ТМЦ
560;Кабель АВВГнг(А)-LS 4*120;Кабель, провод;м;14;714,24;"г.Новокузнецк, ООО ""Технокластер""";;Реализация ТМЦ
561;Кабель силовой АВВГ 3х185;Кабель, провод;м;45;1 222,81;"г.Новокузнецк, ООО ""Технокластер""";;Реализация ТМЦ
562;Кабель силовой АВВГ 3х185;Кабель, провод;м;106;1 222,81;"г.Новокузнецк, ООО ""Технокластер""";;Реализация ТМЦ
563;Кабель силовой АВВГ 3х185;Кабель, провод;м;103;1 222,81;"г.Новокузнецк, ООО ""Технокластер""";;Реализация ТМЦ
564;Кабель силовой АВВГ 3х185;Кабель, провод;м;76;1 222,81;"г.Новокузнецк, ООО ""Технокластер""";;Реализация ТМЦ
565;Кабель силовой АВВГ 3х185;Кабель, провод;м;70;1 222,81;"г.Новокузнецк, ООО ""Технокластер""";;Реализация ТМЦ
566;Кабель силовой АВВГ 3х185;Кабель, провод;м;16;1 222,81;"г.Новокузнецк, ООО ""Технокластер""";;Реализация ТМЦ
567;Комплект прямых участков КПУ-200/Т2;Основные средства;шт;1;35 142,29;"г.Новокузнецк, ООО ""Технокластер""";;Реализация ТМЦ
568;Фильтр газа Ду200 ФГ-200;Прочие материалы;шт;1;34 331,32;"г.Новокузнецк, ООО ""Технокластер""";;Реализация ТМЦ
569;Лоток листовой неперфорированный 100*400 L3000 сталь 1,5мм;Электротехнические материалы;шт;4;7 527,02;"г.Новокузнецк, ООО ""Технокластер""";https://www.avito.ru/novokuznetsk/remont_i_stroitelstvo/lotok_neperforirovannyylestnichnyy_dlya_kabelya_3940355076;Реализация ТМЦ
570;Лоток лестничный 500*100 L3000 сталь 1,2мм;Электротехнические материалы;шт;12;2 114,18;"г.Новокузнецк, ООО ""Технокластер""";https://www.avito.ru/novokuznetsk/remont_i_stroitelstvo/lotok_neperforirovannyylestnichnyy_dlya_kabelya_3940355076;Реализация ТМЦ
571;Крышка для лотка осн.400 L3000 (дл.3м);Электротехнические материалы;шт;4;1 893,25;"г.Новокузнецк, ООО ""Технокластер""";;Реализация ТМЦ
572;Стойка кабельная К-1152 цУТ1,5;Электротехнические материалы;шт;57;305,95;"г.Новокузнецк, ООО ""Технокластер""";https://www.avito.ru/novokuznetsk/remont_i_stroitelstvo/lotok_neperforirovannyylestnichnyy_dlya_kabelya_3940355076;Реализация ТМЦ
573;Кран шаровой 11б27п1 Ду32 ВВ;Инженерная сантехника;шт;10;385;"г.Новокузнецк, ООО ""Технокластер""";;Реализация ТМЦ
574;"Кронштейн Kromax OPTIMA-413 для ТВ/монитора 20""-55"", до 30кг";Расходные материалы на вычисл. и орг техник;шт;3;1 297,14;"г.Новокузнецк, ООО ""Технокластер""";;Реализация ТМЦ
575;Кран шаровой 11Б27п1 Ду25 ВВ Ру16;Инженерная сантехника;шт;10;207,67;"г.Новокузнецк, ООО ""Технокластер""";;Реализация ТМЦ
576;Светильник WT068C NW LED18 L600 CFW PSU;Лампы, люстры, светильники;шт;2;910,19;"г.Новокузнецк, ООО ""Технокластер""";https://www.avito.ru/novokuznetsk/mebel_i_interer/svetilnik_prozhektor_3907765293;Реализация ТМЦ
577;Кран шар. латунный ДУ15 РУ40 BH-HP бабочка;Инженерная сантехника;шт;10;134,56;"г.Новокузнецк, ООО ""Технокластер""";;Реализация ТМЦ
578;Труба гофрированная ПВХ 20мм с протяжкой;Инженерная сантехника;м;50;8,66;"г.Новокузнецк, ООО ""Технокластер""";;Реализация ТМЦ
579;Скоба металлическая двухлапковая d31-32мм;Электротехнические материалы;шт;92;6,76;"г.Новокузнецк, ООО ""Технокластер""";;Реализация ТМЦ
580;Ключ К1156цУТ1,5;Электротехнические материалы;шт;5;37,16;"г.Новокузнецк, ООО ""Технокластер""";;Реализация ТМЦ
581;Система осушения воздуха;Основные средства;шт;1;145 900,67;"г.Новокузнецк, ООО ""Технокластер""";;Реализация ТМЦ
582;Труба мпт32*3;Металлопрокат;м.п.;2590;25;"г.Новокузнецк, ООО ""Техноцентр""";https://www.avito.ru/novokuznetsk/remont_i_stroitelstvo/truba_mp_32h3_3908165077;Реализация ТМЦ
583;Рукав п/э 450 мм;оконная фурнитура;пог.м;8000;0,89;"г.Новокузнецк, ООО ""Техноцентр""";;Реализация ТМЦ
584;Рукав п/э 250 мм;оконная фурнитура;пог.м;472;0,92;"г.Новокузнецк, ООО ""Техноцентр""";;Реализация ТМЦ
585;Соединитель импоста;оконная фурнитура;м;1296;9,84;"г.Новокузнецк, ООО ""Техноцентр""";;Реализация ТМЦ
586;Подкладка;оконная фурнитура;шт;18039;0,15;"г.Новокузнецк, ООО ""Техноцентр""";;Реализация ТМЦ
587;Центральная поперечина;оконная фурнитура;м;99;13,27;"г.Новокузнецк, ООО ""Техноцентр""";;Реализация ТМЦ
588;Крепление (верх-низ);оконная фурнитура;шт;50;1,05;"г.Новокузнецк, ООО ""Техноцентр""";;Реализация ТМЦ
589;Соединитель центральной поперечины мет;оконная фурнитура;шт;64;0,73;"г.Новокузнецк, ООО ""Техноцентр""";;Реализация ТМЦ
590;Угловой соединитель;оконная фурнитура;шт;22;1,55;"г.Новокузнецк, ООО ""Техноцентр""";;Реализация ТМЦ
591;Изложница для печи РНК-5;Технология;шт.;60;договорная;"г.Новокузнецк, ООО ""Экомет""";;Реализация ТМЦ
592;Щит ЩУВ-3-1-380-7,5-0-2-12-IP54 (ММ027619ВА);Электротехнические материалы;шт;1;37 188,09;"г.Новокузнецк, ООО ""Экомет""";;Реализация ТМЦ
593;Блок сменный ЕТ-В-09-00-А ЕВРАЗТЕМП;Прочие материалы;шт;400;73,54;"г.Новокузнецк, ООО ""Экомет""";;Реализация ТМЦ
594;Траверса ТЛц 3,2/1000;Запчасти;шт;2;13 846,77;"г.Новокузнецк, ООО ""Экомет""";;Реализация ТМЦ
595;Фильтр газа ФГ16-80В-ДПД;Фильтры;шт;1;11 960,00;"г.Новокузнецк, ООО ""Экомет""";;Реализация ТМЦ
596;Фланец ст. плоский LD 80*16 ст.20 ГОСТ 12820-80;Инженерная сантехника;шт;6;677,76;"г.Новокузнецк, ООО ""Экомет""";;Реализация ТМЦ
597;Коммутатор WI-PS306GF-UPS, неуправляемый гигабитный;Расходные материалы на вычисл. и орг техник;шт;1;13 417,25;"г.Новокузнецк, ООО ""Экомет""";https://www.avito.ru/novokuznetsk/tovary_dlya_kompyutera/kommutator_wi-ps306gf-ups_solnechnaya_batareya_3940265012;Реализация ТМЦ
598;Батарея солнечная SM 100-12 P;Расходные материалы на вычисл. и орг техник;шт;2;5 213,33;"г.Новокузнецк, ООО ""Экомет""";;Реализация ТМЦ
599;"Клапан A-OWF-DE-N01.080.DXO.A тормозной двусторонний (G3/8""(VBCD)  настройка пружины 60:350BAR, 8:1)";Запчасти;шт;1;6 127,64;"г.Новокузнецк, ООО ""Экомет""";;Реализация ТМЦ
600;Резец проходной отогнутый 25*16*140 (Т5К10);Слесарно-монтажный инструмент;шт;25;255,47;"г.Новокузнецк, ООО ""Экомет""";https://www.avito.ru/novokuznetsk/remont_i_stroitelstvo/tokarnye_reztsy_3908178707;Реализация ТМЦ
601;Резец отрезной 25*16*140 (Т5К10);Слесарно-монтажный инструмент;шт;25;172,83;"г.Новокузнецк, ООО ""Экомет""";https://www.avito.ru/novokuznetsk/remont_i_stroitelstvo/tokarnye_reztsy_3908178707;Реализация ТМЦ
602;Гайка 32/16 G 3/4 для БКО, латунь;Запчасти;шт;8;177,79;"г.Новокузнецк, ООО ""Экомет""";;Реализация ТМЦ
603;Резец проходной упорный изогнутый 25*16*140 (Т5К10);Слесарно-монтажный инструмент;шт;5;234,46;"г.Новокузнецк, ООО ""Экомет""";https://www.avito.ru/novokuznetsk/remont_i_stroitelstvo/tokarnye_reztsy_3908178707;Реализация ТМЦ
604;Гайка 27 СП-21,8 для БПО, латунь;Запчасти;шт;8;146,86;"г.Новокузнецк, ООО ""Экомет""";;Реализация ТМЦ
605;Отвод ст.90-89*3,5 ГОСТ 17375-2001;Инженерная сантехника;шт;4;365,5;"г.Новокузнецк, ООО ""Экомет""";;Реализация ТМЦ
606;Тройник сталь привар проход 33,7*4,5 ГОСТ 17376-01;Инженерная сантехника;шт;1;520,92;"г.Новокузнецк, ООО ""Экомет""";;Реализация ТМЦ
607;Гайка М16*1,5 левая;Метизы и крепеж;шт;8;197,27;"г.Новокузнецк, ООО ""Экомет""";;Реализация ТМЦ
608;Шланг T-Clip Gas HT-400, d125мм, 6 метров, устойчивый к высоким температурам, с зажимной спиралью;Запчасти;шт;1;10 093,79;"г.Новокузнецк, ООО ""Экомет""";;Реализация ТМЦ
609;Хомут 110-130 червячный;Запчасти;шт;22;55,02;"г.Новокузнецк, ООО ""Экомет""";;Реализация ТМЦ
610;Проволока вязальная 3,0 ГОСТ 3282-74;Метизы и крепеж;кг;1335;94,05;"г.Новокузнецк, ООО ""Экомет""";;Реализация ТМЦ
611;Электрод контроля пламени КЭ L=700мм;Измерительные приборы и устройства;шт;49;1 973,77;"г.Новокузнецк, ООО ""Экомет""";;Реализация ТМЦ
612;Резец проходной упорный отогнутый 25*16*140 Т5К10;Слесарно-монтажный инструмент;шт;5;223,02;"г.Новокузнецк, ООО ""Экомет""";https://www.avito.ru/novokuznetsk/remont_i_stroitelstvo/tokarnye_reztsy_3908178707;Реализация ТМЦ
613;"Монитор 22"" TFT Samsung S22B300BL мб-948";Оргтехника;шт.;6;5 902,83;"г.Новокузнецк, АНОО ""Интеллект Академия""";;Реализация ТМЦ
614;Системный блок Core i5 2.8/500Gb/DDR III 4Gb/Intel MB/W7 Pro  мб-968;Оргтехника;шт.;2;10 200,00;"г.Новокузнецк, АНОО ""Интеллект Академия""";;Реализация ТМЦ
