IE_XML_ID;IE_NAME;IE_ID;IE_ACTIVE;IE_ACTIVE_FROM;IE_ACTIVE_TO;IE_PREVIEW_PICTURE;IE_PREVIEW_TEXT;IE_PREVIEW_TEXT_TYPE;IE_DETAIL_PICTURE;IE_DETAIL_TEXT;IE_DETAIL_TEXT_TYPE;IE_CODE;IE_SORT;IE_TAGS;IP_PROP25;IP_PROP31;IP_PROP27;IP_PROP30;IP_PROP26;IP_PROP29;IP_PROP32;IP_PROP28;IP_PROP83;IP_PROP48;IP_PROP24;IC_GROUP0;IC_GROUP1;IC_GROUP2
538;SHAАNXI CWR3315SXDR406 (грузовой самосвал);538;Y;;;/upload/iblock/e58/4yhcytbyxvk7gynx717cb40j894nqlhs.jpeg;;text;/upload/iblock/e58/4yhcytbyxvk7gynx717cb40j894nqlhs.jpeg;;text;;500;;SV7PMAuu;;336 л.с., дизель;;1;Приморский край, г. Находка, ул. Шоссейная, 134;;;;;Спецтехника;Реализация транспорта и оборудования;;
540;SHAАNXI SX3314DR366 (грузовой самосвал);540;Y;;;/upload/iblock/0aa/drmx0976btmy63xo6urr7n2xa2woyryg.jpg;;text;/upload/iblock/0aa/drmx0976btmy63xo6urr7n2xa2woyryg.jpg;;text;;500;;HZfzLnjP;;375 л.с, дизель;/upload/iblock/93b/slh4do0e8krzt4qieysmtint3vnkri9x.jpg;1;Хабаровский край, г. Хабаровск, ул. Узловая, 25;;;;;Спецтехника;Реализация транспорта и оборудования;;
540;SHAАNXI SX3314DR366 (грузовой самосвал);540;Y;;;/upload/iblock/0aa/drmx0976btmy63xo6urr7n2xa2woyryg.jpg;;text;/upload/iblock/0aa/drmx0976btmy63xo6urr7n2xa2woyryg.jpg;;text;;500;;HZfzLnjP;;375 л.с, дизель;/upload/iblock/0c8/g5s0a7iwciw3tro0lcnm94cv9jz1f6y1.jpg;1;Хабаровский край, г. Хабаровск, ул. Узловая, 25;;;;;Спецтехника;Реализация транспорта и оборудования;;
540;SHAАNXI SX3314DR366 (грузовой самосвал);540;Y;;;/upload/iblock/0aa/drmx0976btmy63xo6urr7n2xa2woyryg.jpg;;text;/upload/iblock/0aa/drmx0976btmy63xo6urr7n2xa2woyryg.jpg;;text;;500;;HZfzLnjP;;375 л.с, дизель;/upload/iblock/57f/hqsctpjc2oxlqsr429lejjaxd8u0f4i0.jpg;1;Хабаровский край, г. Хабаровск, ул. Узловая, 25;;;;;Спецтехника;Реализация транспорта и оборудования;;
541;MITSUBISHI CANTER (грузовой бортовой);541;Y;;;/upload/iblock/7a1/s9zadoo06jxb4myipe95vilwmeho0c4n.jpeg;;text;/upload/iblock/7a1/s9zadoo06jxb4myipe95vilwmeho0c4n.jpeg;;text;;500;;6;;110л.с, дизель;/upload/iblock/c22/m213rvqhkq5r10h12i4cw4v94wed80e8.jpeg;2;Хабаровский край, г. Хабаровск, ул. Узловая 25;;;;;Грузовой автомобиль;Реализация транспорта и оборудования;;
541;MITSUBISHI CANTER (грузовой бортовой);541;Y;;;/upload/iblock/7a1/s9zadoo06jxb4myipe95vilwmeho0c4n.jpeg;;text;/upload/iblock/7a1/s9zadoo06jxb4myipe95vilwmeho0c4n.jpeg;;text;;500;;6;;110л.с, дизель;/upload/iblock/808/4o7u8mlcw3lsbg1pswqz8tp69kwnnh0h.jpeg;2;Хабаровский край, г. Хабаровск, ул. Узловая 25;;;;;Грузовой автомобиль;Реализация транспорта и оборудования;;
542;Гусеничный экскаватор ЭО-5126;542;Y;;;/upload/iblock/9b2/1ldqqhciaaapj1yci2rsc24fbhuv4yld.jpg;;text;/upload/iblock/9b2/1ldqqhciaaapj1yci2rsc24fbhuv4yld.jpg;;text;;500;;HZfzLnjP;;125 кВТ/170 л.с.;/upload/iblock/02d/qez4pdt5x39lsgz52au3mxms4bhdbmvz.jpg;3;пгт. Шерегеш, карьер Таензинский;;;;;Спецтехника;Реализация транспорта и оборудования;;
542;Гусеничный экскаватор ЭО-5126;542;Y;;;/upload/iblock/9b2/1ldqqhciaaapj1yci2rsc24fbhuv4yld.jpg;;text;/upload/iblock/9b2/1ldqqhciaaapj1yci2rsc24fbhuv4yld.jpg;;text;;500;;HZfzLnjP;;125 кВТ/170 л.с.;/upload/iblock/a44/1gsf8whwoqug8ekc8c9b0rp078v9efa3.jpg;3;пгт. Шерегеш, карьер Таензинский;;;;;Спецтехника;Реализация транспорта и оборудования;;
542;Гусеничный экскаватор ЭО-5126;542;Y;;;/upload/iblock/9b2/1ldqqhciaaapj1yci2rsc24fbhuv4yld.jpg;;text;/upload/iblock/9b2/1ldqqhciaaapj1yci2rsc24fbhuv4yld.jpg;;text;;500;;HZfzLnjP;;125 кВТ/170 л.с.;/upload/iblock/b3d/ytetmzj1lazqbtmrtyvwzxu3ps41d85t.jpg;3;пгт. Шерегеш, карьер Таензинский;;;;;Спецтехника;Реализация транспорта и оборудования;;
542;Гусеничный экскаватор ЭО-5126;542;Y;;;/upload/iblock/9b2/1ldqqhciaaapj1yci2rsc24fbhuv4yld.jpg;;text;/upload/iblock/9b2/1ldqqhciaaapj1yci2rsc24fbhuv4yld.jpg;;text;;500;;HZfzLnjP;;125 кВТ/170 л.с.;/upload/iblock/f79/f65oojcvc1cc6vxfnhxsinxsp1jabwe7.jpg;3;пгт. Шерегеш, карьер Таензинский;;;;;Спецтехника;Реализация транспорта и оборудования;;
543;LAND ROVER RangeRoverSport;543;Y;;;/upload/iblock/f4b/eg7j4evu80h4ob7san2cd1cb75j8wpa0.jpg;;text;/upload/iblock/f4b/eg7j4evu80h4ob7san2cd1cb75j8wpa0.jpg;;text;;500;;ye6nnm3Z;;2.995 /380.8 л.с.;/upload/iblock/ad1/re4j0zcxvxp12pdp4rh5xdworhxxcwrw.jpg;4;г. Новокузнецк;;;;;Легковой автомобиль;Реализация транспорта и оборудования;;
543;LAND ROVER RangeRoverSport;543;Y;;;/upload/iblock/f4b/eg7j4evu80h4ob7san2cd1cb75j8wpa0.jpg;;text;/upload/iblock/f4b/eg7j4evu80h4ob7san2cd1cb75j8wpa0.jpg;;text;;500;;ye6nnm3Z;;2.995 /380.8 л.с.;/upload/iblock/c69/dno7dlqdqmyqhvtfljxbb7guv51hupl5.jpg;4;г. Новокузнецк;;;;;Легковой автомобиль;Реализация транспорта и оборудования;;
544;CADILLAC ESCALADE ESV;544;Y;;;/upload/iblock/f6f/1seuoa9es4ga9ry1ecx1ynao4gw1bxe0.jpg;;text;/upload/iblock/f6f/1seuoa9es4ga9ry1ecx1ynao4gw1bxe0.jpg;;text;;500;;PSZB8xwP;;12.920 /410 л.с., дизель;/upload/iblock/7a4/7jwefvqm5fnyszsu5ffgurdmn1s2c64k.jpg;5;г. Новокузнецк;;;;;Легковой автомобиль;Реализация транспорта и оборудования;;
544;CADILLAC ESCALADE ESV;544;Y;;;/upload/iblock/f6f/1seuoa9es4ga9ry1ecx1ynao4gw1bxe0.jpg;;text;/upload/iblock/f6f/1seuoa9es4ga9ry1ecx1ynao4gw1bxe0.jpg;;text;;500;;PSZB8xwP;;12.920 /410 л.с., дизель;/upload/iblock/422/s0ju1ujxafxgqyulogmbnnuwbocxhqal.jpg;5;г. Новокузнецк;;;;;Легковой автомобиль;Реализация транспорта и оборудования;;
544;CADILLAC ESCALADE ESV;544;Y;;;/upload/iblock/f6f/1seuoa9es4ga9ry1ecx1ynao4gw1bxe0.jpg;;text;/upload/iblock/f6f/1seuoa9es4ga9ry1ecx1ynao4gw1bxe0.jpg;;text;;500;;PSZB8xwP;;12.920 /410 л.с., дизель;/upload/iblock/75a/t5cccfyv9ferqm0ses31npboh6yubqbu.jpg;5;г. Новокузнецк;;;;;Легковой автомобиль;Реализация транспорта и оборудования;;
545;Полуприцеп MIRAI TRAILER МСС-40DAT;545;Y;;;/upload/iblock/900/vix2qsomydrna288vma0uwacg9f2u1s3.jpg;;text;/upload/iblock/900/vix2qsomydrna288vma0uwacg9f2u1s3.jpg;;text;;500;;YF9kdNz3;;;;6;Республика Саха (Якутия), г. Нерюнгри, ул. Разрезовская, д. 5;;;;;Спецтехника;Реализация транспорта и оборудования;;
546;Автокран КАМАЗ Галичанин 25 тонн;546;Y;;;/upload/iblock/0b5/iz71e3m2sk5sb9987j1lp509jedy2nyh.jpg;;text;/upload/iblock/0b5/iz71e3m2sk5sb9987j1lp509jedy2nyh.jpg;;text;;500;;Bj74BR1f;;240 /176,5 кВт, дизель;/upload/iblock/301/vqmbr2creys2qecmt1pahzqgyzn41mh9.jpg;7;Республика Саха (Якутия), г. Нерюнгри, ул. Разрезовская, д. 5;;;;;Спецтехника;Реализация транспорта и оборудования;;
546;Автокран КАМАЗ Галичанин 25 тонн;546;Y;;;/upload/iblock/0b5/iz71e3m2sk5sb9987j1lp509jedy2nyh.jpg;;text;/upload/iblock/0b5/iz71e3m2sk5sb9987j1lp509jedy2nyh.jpg;;text;;500;;Bj74BR1f;;240 /176,5 кВт, дизель;/upload/iblock/37a/8k2o5em4jloklo9jophqvdyglbcoupe8.jpg;7;Республика Саха (Якутия), г. Нерюнгри, ул. Разрезовская, д. 5;;;;;Спецтехника;Реализация транспорта и оборудования;;
547;Автомобиль MITSUBISHI FUSO;547;Y;;;/upload/iblock/900/vix2qsomydrna288vma0uwacg9f2u1s3.jpg;;text;/upload/iblock/900/vix2qsomydrna288vma0uwacg9f2u1s3.jpg;;text;;500;;1;;385 /283 кВт, дизель;;2;Республика Саха (Якутия), г. Нерюнгри, ул. Разрезовская, д. 5;;;;;Грузовой автомобиль;Реализация транспорта и оборудования;;
553;Автомобиль КАМАЗ 54115-15;553;Y;;;/upload/iblock/900/vix2qsomydrna288vma0uwacg9f2u1s3.jpg;;text;/upload/iblock/900/vix2qsomydrna288vma0uwacg9f2u1s3.jpg;;text;;500;;HZfzLnjP;;225 /165 кВт, дизель;;7;Республика Саха (Якутия), г. Нерюнгри, ул. Разрезовская, д.5;;;;;Грузовой автомобиль;Реализация транспорта и оборудования;;
554;Автомобиль КАМАЗ 54115-15 грузовой седельный тягач;554;Y;;;/upload/iblock/900/vix2qsomydrna288vma0uwacg9f2u1s3.jpg;;text;/upload/iblock/900/vix2qsomydrna288vma0uwacg9f2u1s3.jpg;;text;;500;;HZfzLnjP;;224,4 /165 кВт, дизель;;7;Республика Саха (Якутия), г. Нерюнгри, ул. Разрезовская, д.5;;;;;Грузовой автомобиль;Реализация транспорта и оборудования;;
555;Автомобиль КАМАЗ 5320 грузовой бортовой;555;Y;;;/upload/iblock/900/vix2qsomydrna288vma0uwacg9f2u1s3.jpg;;text;/upload/iblock/900/vix2qsomydrna288vma0uwacg9f2u1s3.jpg;;text;;500;;4;;154 /113,3 кВт, дизель;;7;Республика Саха (Якутия), г. Нерюнгри, ул. Разрезовская, д. 5;;;;;Грузовой автомобиль;Реализация транспорта и оборудования;;
556;Полуприцеп HYUNDAI IC301 контейнеровоз;556;Y;;;/upload/iblock/900/vix2qsomydrna288vma0uwacg9f2u1s3.jpg;;text;/upload/iblock/900/vix2qsomydrna288vma0uwacg9f2u1s3.jpg;;text;;500;;11;;;;8;Республика Саха (Якутия), г. Нерюнгри, ул. Разрезовская, д. 5;;;;;Спецтехника;Реализация транспорта и оборудования;;
557;УРАЛ 442020-10 грузовой тягач седельный;557;Y;;;/upload/iblock/a69/naq5uojwxn9j6ybpvbcf626ljx1nn0zi.jpg;;text;/upload/iblock/a69/naq5uojwxn9j6ybpvbcf626ljx1nn0zi.jpg;;text;;500;;4;;11,15 /180 кВт, дизель;/upload/iblock/fe6/sex54bp9otrqpz36zotfg19r1bu1shht.jpg;9;Республика Саха (Якутия), г. Якутск, ул. 50 лет Советской Армии, д. 45;;;;;Грузовой автомобиль;Реализация транспорта и оборудования;;
558;Трактор с бульдозерным оборудованием и прицепным устройством;558;Y;;;/upload/iblock/ab1/nxw12vwzsr9akbhji9ocjn9gwyv3a7g8.jpg;;text;/upload/iblock/ab1/nxw12vwzsr9akbhji9ocjn9gwyv3a7g8.jpg;;text;;500;;bmj6xEza;;гусеничный 174 (235);/upload/iblock/546/umj63pytqu35rl1wg6c0ek9z8rvu3d0u.jpg;;г. Таштагол;;;;;Спецтехника;Реализация транспорта и оборудования;;
558;Трактор с бульдозерным оборудованием и прицепным устройством;558;Y;;;/upload/iblock/ab1/nxw12vwzsr9akbhji9ocjn9gwyv3a7g8.jpg;;text;/upload/iblock/ab1/nxw12vwzsr9akbhji9ocjn9gwyv3a7g8.jpg;;text;;500;;bmj6xEza;;гусеничный 174 (235);/upload/iblock/fa8/in903sbor16jyd233shefc6s01hepbbs.jpg;;г. Таштагол;;;;;Спецтехника;Реализация транспорта и оборудования;;
559;Трактор с бульдозерным и рыхлит. оборудованием Т15.02ЯБР-1;559;Y;;;/upload/iblock/3e5/y8ngjvi6tro2yplaxh2com1nmjl9aas6.jpg;;text;/upload/iblock/3e5/y8ngjvi6tro2yplaxh2com1nmjl9aas6.jpg;;text;;500;;GF4nxWey;;гусеничный 174 (235);/upload/iblock/a7b/jim3nnk1l21a22ps5lo4q2893exy5jws.jpg;;г. Таштагол;;;;;Спецтехника;Реализация транспорта и оборудования;;
560;Гусеничный экскаватор ЭО-5126;560;Y;;;/upload/iblock/0b7/gtk2c1nh3124r0cpik2egx4ki3dlz621.jpg;;text;/upload/iblock/0b7/gtk2c1nh3124r0cpik2egx4ki3dlz621.jpg;;text;;500;;HZfzLnjP;;162 кВТ, 216л.с.;/upload/iblock/b85/x6nks4oesg31h3amf49pbcejrpfvgjrd.jpg;10;пгт. Шерегеш, карьер Таензинский;;;;;Спецтехника;Реализация транспорта и оборудования;;
561;КАМАЗ-55111-седельный тягач;561;Y;;;/upload/iblock/3ae/zk4h3aoxye2env4djx32vuamlngdakcf.jpg;;text;/upload/iblock/3ae/zk4h3aoxye2env4djx32vuamlngdakcf.jpg;;text;;500;;HZfzLnjP;;240 л.с.;/upload/iblock/094/fxpr9rosy3ibton9s7f7kx8k7jw58mgr.jpg;7;Приморский край, п.Трудовое;;;;;Грузовой автомобиль;Реализация транспорта и оборудования;;
561;КАМАЗ-55111-седельный тягач;561;Y;;;/upload/iblock/3ae/zk4h3aoxye2env4djx32vuamlngdakcf.jpg;;text;/upload/iblock/3ae/zk4h3aoxye2env4djx32vuamlngdakcf.jpg;;text;;500;;HZfzLnjP;;240 л.с.;/upload/iblock/d8e/7s74qxcparhenem18ndgrk42727l0ygn.jpg;7;Приморский край, п.Трудовое;;;;;Грузовой автомобиль;Реализация транспорта и оборудования;;
582;Прицеп ЧМЗАП93853 (под разбор на запчасти);582;Y;;;/upload/iblock/234/pne9zduy2ixkc7cn3hiki0r6mlsyrnwt.jpg;;text;/upload/iblock/234/pne9zduy2ixkc7cn3hiki0r6mlsyrnwt.jpg;;text;;500;;11;;;;;г. Таштагол, ул. Геологическая, 61;;;;;Спецтехника;Реализация транспорта и оборудования;;
583;SHAANXI CWR3315SXDR406;583;Y;;;/upload/iblock/455/znfrjlogpin33xeakmjkyk8o1mp1jmn6.jpg;;text;/upload/iblock/455/znfrjlogpin33xeakmjkyk8o1mp1jmn6.jpg;;text;;500;;SV7PMAuu;;9.726/336л.с., дизель;/upload/iblock/4ac/3fpm7zrp13ysaic75ipeivyu7nym0t13.jpg;1;г. Находка, Приморский край;;;;;Спецтехника;Реализация транспорта и оборудования;;
584;Автомобиль: самосвал FOTON BJ3313DMPKF-S;584;Y;;;/upload/iblock/c5d/5j0ji77at1awjt9h33kgyhgl3rvp02w1.jpg;;text;/upload/iblock/c5d/5j0ji77at1awjt9h33kgyhgl3rvp02w1.jpg;;text;;500;;bmj6xEza;;11,596 /338 л.с, дизель;/upload/iblock/721/4u2frzh1x28x15g3fogilwvcxuead35c.jpg;;п.Трудовое, Приморский край;;;;;Спецтехника;Реализация транспорта и оборудования;;
585;Автомобиль: Hyundai Trago;585;Y;;;/upload/iblock/24b/xbwpn3ww1flkhiozm0l19cda81cqiadg.jpg;;text;/upload/iblock/24b/xbwpn3ww1flkhiozm0l19cda81cqiadg.jpg;;text;;500;;bmj6xEza;;12.920 /410 л.с., дизель;/upload/iblock/e7a/gitxrylatgcrzu2kc0ypz0zqb33ie81b.jpg;8;г. Уссурийск;;;;;Спецтехника;Реализация транспорта и оборудования;;
585;Автомобиль: Hyundai Trago;585;Y;;;/upload/iblock/24b/xbwpn3ww1flkhiozm0l19cda81cqiadg.jpg;;text;/upload/iblock/24b/xbwpn3ww1flkhiozm0l19cda81cqiadg.jpg;;text;;500;;bmj6xEza;;12.920 /410 л.с., дизель;/upload/iblock/02d/oxd1gjbmrbunl512pjex4oz4rjldz9n9.jpg;8;г. Уссурийск;;;;;Спецтехника;Реализация транспорта и оборудования;;
585;Автомобиль: Hyundai Trago;585;Y;;;/upload/iblock/24b/xbwpn3ww1flkhiozm0l19cda81cqiadg.jpg;;text;/upload/iblock/24b/xbwpn3ww1flkhiozm0l19cda81cqiadg.jpg;;text;;500;;bmj6xEza;;12.920 /410 л.с., дизель;/upload/iblock/947/o6gkd5ab2efci1bc9o6bqcri30rs8r3g.jpg;8;г. Уссурийск;;;;;Спецтехника;Реализация транспорта и оборудования;;
586;Мульчер лесной универсальный DML/SSL 175;586;Y;;;/upload/iblock/83b/g59m317bwka37d90161ek5g08x7lavgy.jpg;;text;/upload/iblock/83b/g59m317bwka37d90161ek5g08x7lavgy.jpg;;text;;500;;;;диапазон мощности 40-90 л.с;/upload/iblock/3b6/gzn4cctl1gusopbhlmk67bbw7ktphbsy.jpg;12;Кемеровская обл., Таштагольский район, Селезеньское месторождение;;;;;Спецтехника;Реализация транспорта и оборудования;;
586;Мульчер лесной универсальный DML/SSL 175;586;Y;;;/upload/iblock/83b/g59m317bwka37d90161ek5g08x7lavgy.jpg;;text;/upload/iblock/83b/g59m317bwka37d90161ek5g08x7lavgy.jpg;;text;;500;;;;диапазон мощности 40-90 л.с;/upload/iblock/659/2i80u1os9zv3i4ooh3019ewwd12j4ies.jpg;12;Кемеровская обл., Таштагольский район, Селезеньское месторождение;;;;;Спецтехника;Реализация транспорта и оборудования;;
586;Мульчер лесной универсальный DML/SSL 175;586;Y;;;/upload/iblock/83b/g59m317bwka37d90161ek5g08x7lavgy.jpg;;text;/upload/iblock/83b/g59m317bwka37d90161ek5g08x7lavgy.jpg;;text;;500;;;;диапазон мощности 40-90 л.с;/upload/iblock/338/fz2u7x55i668ib4f5rpfv74svaa9y9kq.jpg;12;Кемеровская обл., Таштагольский район, Селезеньское месторождение;;;;;Спецтехника;Реализация транспорта и оборудования;;
2422;КАМАЗ 5320 (грузовой бортовой);2422;Y;;;/upload/iblock/1da/ck76j1fipmi3mlwxdx1t9tisxx3g30l4.jpg;;text;;;text;;500;;4;;10.850 /154л.с, дизель;/upload/iblock/a47/z78zljvbzxzz4j46crazfhixxx64nxp0.jpg;7;г. Чита, Забайкальский край;;;;;Грузовой автомобиль;Реализация транспорта и оборудования;;
2422;КАМАЗ 5320 (грузовой бортовой);2422;Y;;;/upload/iblock/1da/ck76j1fipmi3mlwxdx1t9tisxx3g30l4.jpg;;text;;;text;;500;;4;;10.850 /154л.с, дизель;/upload/iblock/511/2z9c5lysuv332ytbd971ufhc9jqjzmg5.jpg;7;г. Чита, Забайкальский край;;;;;Грузовой автомобиль;Реализация транспорта и оборудования;;
2422;КАМАЗ 5320 (грузовой бортовой);2422;Y;;;/upload/iblock/1da/ck76j1fipmi3mlwxdx1t9tisxx3g30l4.jpg;;text;;;text;;500;;4;;10.850 /154л.с, дизель;/upload/iblock/3bc/86w40jwdaadnnhegfp4871ifsyt3iz31.jpg;7;г. Чита, Забайкальский край;;;;;Грузовой автомобиль;Реализация транспорта и оборудования;;
2422;КАМАЗ 5320 (грузовой бортовой);2422;Y;;;/upload/iblock/1da/ck76j1fipmi3mlwxdx1t9tisxx3g30l4.jpg;;text;;;text;;500;;4;;10.850 /154л.с, дизель;/upload/iblock/322/5id5zbwyar08wl8xr0ljoqh0hif0eaf1.jpg;7;г. Чита, Забайкальский край;;;;;Грузовой автомобиль;Реализация транспорта и оборудования;;
2422;КАМАЗ 5320 (грузовой бортовой);2422;Y;;;/upload/iblock/1da/ck76j1fipmi3mlwxdx1t9tisxx3g30l4.jpg;;text;;;text;;500;;4;;10.850 /154л.с, дизель;/upload/iblock/69c/dwr53drvvav7jbl2i2cpp3y0wofze21y.jpg;7;г. Чита, Забайкальский край;;;;;Грузовой автомобиль;Реализация транспорта и оборудования;;
101;Соленоид 5616765;101;Y;;;;;text;;;text;;500;;;;;;;;г.Новокузнецк ООО «Вторресурс-Переработка»;;;;;Реализация ТМЦ;;
1;Барабан натяжной 10063-100;1832;Y;;;;;text;;;text;;500;;;54;;;;;;;;;;Реализация ТМЦ;;
2;Барабан натяжной 10080-80;1833;Y;;;;;text;;;text;;500;;;54;;;;;;;;;;Реализация ТМЦ;;
3;Барабан приводной 100100ф-180;1834;Y;;;;;text;;;text;;500;;;54;;;;;;;;;;Реализация ТМЦ;;
4;Блок управления классификатора JD1A-40;1835;Y;;;;;text;;;text;;500;;;22;;;;;;;;;;Реализация ТМЦ;;
5;Бронзовая втулка оси ролика 331294;1836;Y;;;;;text;;;text;;500;;;39;;;;;;;;;;Реализация ТМЦ;;
6;Вал подшипникового узла;1837;Y;;;;;text;;;text;;500;;;25;;;;;;;;;;Реализация ТМЦ;;
7;Вал подшипникового узла (для ВК-273);1838;Y;;;;;text;;;text;;500;;;25;;;;;;;;;;Реализация ТМЦ;;
8;Вентиль G1/4 2839 1/4;1839;Y;;;;;text;;;text;;500;;;51;;;;;;;;;;Реализация ТМЦ;;
9;Винтовой конвейер ВК-273-4860-ТЛ-С – угол наклона 35 гр.;1840;Y;;;;;text;;;text;;500;;;39;;;;;;;;;;Реализация ТМЦ;;
10;Конвейер винтовой ВК-273-6000-ТЛ-С – угол наклона 35 гр.;1841;Y;;;;;text;;;text;;500;;;39;;;;;;;;;;Реализация ТМЦ;;
11;Вкладыш (износостойкая втулка TGM 160-115-18);1842;Y;;;;;text;;;text;;500;;;54;;;;;;;;;;Реализация ТМЦ;;
12;Вкладыш п/э 160*280;1843;Y;;;;;text;;;text;;500;;;5;;;;;;;;;;Реализация ТМЦ;;
13;Вкладыш-сетка фильтрующая из нерж. стали 0,10мм;1844;Y;;;;;text;;;text;;500;;;12;;;;;;;;;;Реализация ТМЦ;;
14;Гайка крепления рабочего колеса ч. 331291;1845;Y;;;;;text;;;text;;500;;;35;;;;;;;;;;Реализация ТМЦ;;
15;ГТР 46-14-ЗСП к бульдозеру Т-330;1846;Y;;;;;text;;;text;;500;;;53;;;;;;;;;;Реализация ТМЦ;;
16;Двигатель WM-D90/90-2/1K5 220-240/380-415B;1847;Y;;;;;text;;;text;;500;;;2;;;;;;;;;;Реализация ТМЦ;;
17;Задвижка 30ч6бр ДУ 250;1848;Y;;;;;text;;;text;;500;;;51;;;;;;;;;;Реализация ТМЦ;;
18;Кольцо ступенчатое TGM 160;1849;Y;;;;;text;;;text;;500;;;54;;;;;;;;;;Реализация ТМЦ;;
19;Лопатка сепаратора ч. 331293;1850;Y;;;;;text;;;text;;500;;;32;;;;;;;;;;Реализация ТМЦ;;
20;Манжета армированная 1.2-110*140;1851;Y;;;;;text;;;text;;500;;;18;;;;;;;;;;Реализация ТМЦ;;
21;Манжета армированная 1.2-140*170;1852;Y;;;;;text;;;text;;500;;;18;;;;;;;;;;Реализация ТМЦ;;
22;Муфта DN 08 1SN/2SN;1853;Y;;;;;text;;;text;;500;;;43;;;;;;;;;;Реализация ТМЦ;;
23;Насос ЭЦВ 10-65-65;1854;Y;;;;;text;;;text;;500;;;33;;;;;;;;;;Реализация ТМЦ;;
24;Пластина для вибропитателя TGM-160 ч 331295;1855;Y;;;;;text;;;text;;500;;;12;;;;;;;;;;Реализация ТМЦ;;
25;Подшипник 7530;1856;Y;;;;;text;;;text;;500;;;25;;;;;;;;;;Реализация ТМЦ;;
26;Подшипник GE 160 ES-2RS;1857;Y;;;;;text;;;text;;500;;;25;;;;;;;;;;Реализация ТМЦ;;
27;Ремень SPB-3150;1858;Y;;;;;text;;;text;;500;;;54;;;;;;;;;;Реализация ТМЦ;;
28;Розетка 16А, 3P+N+E, IP67 CEW 416 C6W 2CMA166572R1000;1859;Y;;;;;text;;;text;;500;;;31;;;;;;;;;;Реализация ТМЦ;;
29;Ролик TGM - 160;1860;Y;;;;;text;;;text;;500;;;13;;;;;;;;;;Реализация ТМЦ;;
30;Ролик конвейерный 102*600;1861;Y;;;;;text;;;text;;500;;;39;;;;;;;;;;Реализация ТМЦ;;
31;Светофор дорожный (ДС);1862;Y;;;;;text;;;text;;500;;;22;;;;;;;;;;Реализация ТМЦ;;
32;Стеклоблоки 194*194*80 Гост 9272-8 1;1863;Y;;;;;text;;;text;;500;;;10;;;;;;;;;;Реализация ТМЦ;;
33;Технологический поддон для вибропресса ВП-5 Илья Муромец;1864;Y;;;;;text;;;text;;500;;;12;;;;;;;;;;Реализация ТМЦ;;
34;Топливозаборник с поплавком, шланг 2,10 м;1865;Y;;;;;text;;;text;;500;;;53;;;;;;;;;;Реализация ТМЦ;;
35;"Труба медная 1/2"" (15м) Н";1866;Y;;;;;text;;;text;;500;;;36;;;;;;;;;;Реализация ТМЦ;;
36;Трубка полиуретановая D1=8, D2=6;1867;Y;;;;;text;;;text;;500;;;17;;;;;;;;;;Реализация ТМЦ;;
37;Указатель уровня топлива, мех. до 2,5 м.;1868;Y;;;;;text;;;text;;500;;;53;;;;;;;;;;Реализация ТМЦ;;
38;Уплотнение газ. стыка головки 840-1003466;1869;Y;;;;;text;;;text;;500;;;54;;;;;;;;;;Реализация ТМЦ;;
39;Уплотнение полиуритановое концевой опоры для ВК-273.00.007;1870;Y;;;;;text;;;text;;500;;;54;;;;;;;;;;Реализация ТМЦ;;
40;Фитинг проходной S2500 1/4;1871;Y;;;;;text;;;text;;500;;;17;;;;;;;;;;Реализация ТМЦ;;
41;Фитинг цанга прямой S6510 8-1/2;1872;Y;;;;;text;;;text;;500;;;17;;;;;;;;;;Реализация ТМЦ;;
42;Фитинг цанга прямой S6510 8-1/4;1873;Y;;;;;text;;;text;;500;;;17;;;;;;;;;;Реализация ТМЦ;;
43;Фитинг цанга тройник 7540 8;1874;Y;;;;;text;;;text;;500;;;17;;;;;;;;;;Реализация ТМЦ;;
44;"Форма ""Двойное Т"" 225х135х60";1875;Y;;;;;text;;;text;;500;;;29;;;;;;;;;;Реализация ТМЦ;;
45;"Форма ""Средневековая I"" 130х130х57";1876;Y;;;;;text;;;text;;500;;;29;;;;;;;;;;Реализация ТМЦ;;
46;Форсунка жидкотопл. S60 3,50 GPN с фильтром;1877;Y;;;;;text;;;text;;500;;;55;;;;;;;;;;Реализация ТМЦ;;
47;Форсунка жидкотопл. S60 7,00 GPN с фильтром;1878;Y;;;;;text;;;text;;500;;;55;;;;;;;;;;Реализация ТМЦ;;
48;Цепь ПР 12,7 13568-75;1879;Y;;;;;text;;;text;;500;;;52;;;;;;;;;;Реализация ТМЦ;;
49;Штанга мельницы TGM-160 331288;1880;Y;;;;;text;;;text;;500;;;47;;;;;;;;;;Реализация ТМЦ;;
50;Эл.двигатель YCT225-4A 11 кВт, 1250-125 об/мин. 1М 1081, в сборе с индукторной муфтой скольжения;1881;Y;;;;;text;;;text;;500;;;2;;;;;;;;;;Реализация ТМЦ;;
51;редуктор 1Ц2У_100_10_11_У1;1882;Y;;;;;text;;;text;;500;;;19;;;;;;;;;;Реализация ТМЦ;;
52;Фильтр гидравлический Parker 937776Q;1883;Y;;;;;text;;;text;;500;;;54;;;;;;;;;;Реализация ТМЦ;;
53;Фильтр мешок SG72MO25EP;1884;Y;;;;;text;;;text;;500;;;54;;;;;;;;;;Реализация ТМЦ;;
54;Фильтр мешок SG72MO50EP;1885;Y;;;;;text;;;text;;500;;;54;;;;;;;;;;Реализация ТМЦ;;
55;Двигатель турбореактивный РД3М-500;1886;Y;;;;;text;;;text;;500;;;2;;;;;;;;;;Реализация ТМЦ;;
56;Труба жаровая б/у;1887;Y;;;;;text;;;text;;500;;;36;;;;;;;;;;Реализация ТМЦ;;
57;Двигатель турбореактивный РД3М-500 б/у;1888;Y;;;;;text;;;text;;500;;;2;;;;;;;;;;Реализация ТМЦ;;
58;муфта 2501-15-103;1889;Y;;;;;text;;;text;;500;;;43;;;;;;;;;;Реализация ТМЦ;;
59;муфта 2501-26-304;1890;Y;;;;;text;;;text;;500;;;43;;;;;;;;;;Реализация ТМЦ;;
60;муфта 2501-26-93;1891;Y;;;;;text;;;text;;500;;;43;;;;;;;;;;Реализация ТМЦ;;
61;муфта 2501-26-94;1892;Y;;;;;text;;;text;;500;;;43;;;;;;;;;;Реализация ТМЦ;;
62;муфта 404-26-28;1893;Y;;;;;text;;;text;;500;;;43;;;;;;;;;;Реализация ТМЦ;;
63;муфта 404-26-29;1894;Y;;;;;text;;;text;;500;;;43;;;;;;;;;;Реализация ТМЦ;;
64;Патрубок вводн. У477 УЗ ЗЭТАРУС zeta41112;1895;Y;;;;;text;;;text;;500;;;31;;;;;;;;;;Реализация ТМЦ;;
65;Патрубок У-478;1896;Y;;;;;text;;;text;;500;;;31;;;;;;;;;;Реализация ТМЦ;;
66;пружина 385159;1897;Y;;;;;text;;;text;;500;;;54;;;;;;;;;;Реализация ТМЦ;;
67;Пружина 385278 (длина 70см);1898;Y;;;;;text;;;text;;500;;;54;;;;;;;;;;Реализация ТМЦ;;
68;пружина 385325 (длина 60д);1899;Y;;;;;text;;;text;;500;;;54;;;;;;;;;;Реализация ТМЦ;;
69;Ремень 8РК 1885;1900;Y;;;;;text;;;text;;500;;;54;;;;;;;;;;Реализация ТМЦ;;
70;"Трансформатор напряжения антирезонансный НАМИ-10У2 50Гц; 6000/100В";1901;Y;;;;;text;;;text;;500;;;57;;;;;;;;;;Реализация ТМЦ;;
71;Фильтр гидравлический SH68238;1902;Y;;;;;text;;;text;;500;;;54;;;;;;;;;;Реализация ТМЦ;;
72;Фильтр масляный LF-3744;1903;Y;;;;;text;;;text;;500;;;54;;;;;;;;;;Реализация ТМЦ;;
73;Фильтр масляный SO10021;1904;Y;;;;;text;;;text;;500;;;54;;;;;;;;;;Реализация ТМЦ;;
74;Фильтр топливный 10044303/FF5156, L10044303;1905;Y;;;;;text;;;text;;500;;;54;;;;;;;;;;Реализация ТМЦ;;
75;Лопатка сепаратора ч. 331293;1906;Y;;;;;text;;;text;;500;;;32;;;;;;;;;;Реализация ТМЦ;;
76;Контейнер емкостью 1 кубометр;1907;Y;;;;;text;;;text;;500;;;8;;;;;;;;;;Реализация ТМЦ;;
77;Насос НШ-100А-3 правый;1908;Y;;;;;text;;;text;;500;;;33;;;;;;;;;;Реализация ТМЦ;;
78;Насос НШ 50А;1909;Y;;;;;text;;;text;;500;;;33;;;;;;;;;;Реализация ТМЦ;;
79;Держатель желоба D160мм оц;1910;Y;;;;;text;;;text;;500;;;10;;;;;;;;;;Реализация ТМЦ;;
80;Держатель трубы D120 оц;1911;Y;;;;;text;;;text;;500;;;10;;;;;;;;;;Реализация ТМЦ;;
81;Желоб водосточный D160*1250мм оц;1912;Y;;;;;text;;;text;;500;;;29;;;;;;;;;;Реализация ТМЦ;;
82;Желоб водосточный D160*1250мм оц с патрубком;1913;Y;;;;;text;;;text;;500;;;29;;;;;;;;;;Реализация ТМЦ;;
83;Колено трубы D120- оц;1914;Y;;;;;text;;;text;;500;;;36;;;;;;;;;;Реализация ТМЦ;;
84;Отмет D12 - оц;1915;Y;;;;;text;;;text;;500;;;35;;;;;;;;;;Реализация ТМЦ;;
85;Металлоконструкции балка подкрановая;1916;Y;;;;;text;;;text;;500;;;36;;;;;;;;;;Реализация ТМЦ;;
86;Канат ГОСТ 2688-80 d=25,5-Г-Н;1917;Y;;;;;text;;;text;;500;;;41;;;;;;;;;;Реализация ТМЦ;;
87;Электродвигатель 4МТМ 225 L6 У1 (55/955) IМ 1003;1918;Y;;;;;text;;;text;;500;;;2;;;;;;;;;;Реализация ТМЦ;;
88;Джойстик VNS0 4 4 F GGEA-X 14 4D0 4D0+2*G13;1919;Y;;;;;text;;;text;;500;;;40;;;;;;;;;;Реализация ТМЦ;;
89;7025318 Клапан;1920;Y;;;;;text;;;text;;500;;;50;;;;;;;;;;Реализация ТМЦ;;
90;9062722 Ремкомплект цилиндра качающегося моста;1921;Y;;;;;text;;;text;;500;;;50;;;;;;;;;;Реализация ТМЦ;;
91;Втулка 9642173;1922;Y;;;;;text;;;text;;500;;;50;;;;;;;;;;Реализация ТМЦ;;
92;Втулка 9951311;1923;Y;;;;;text;;;text;;500;;;50;;;;;;;;;;Реализация ТМЦ;;
93;Втулка PG5-660 (PG5-660.02.001);1924;Y;;;;;text;;;text;;500;;;50;;;;;;;;;;Реализация ТМЦ;;
94;Втулка PG5-660 (PG5-660.02.001);1925;Y;;;;;text;;;text;;500;;;50;;;;;;;;;;Реализация ТМЦ;;
95;Втулка гидроцилиндра стрелы 9164350;1926;Y;;;;;text;;;text;;500;;;50;;;;;;;;;;Реализация ТМЦ;;
96;втулка серьги грейфера 9026242;1927;Y;;;;;text;;;text;;500;;;50;;;;;;;;;;Реализация ТМЦ;;
97;Кольцо уплотнительное 10490787;1928;Y;;;;;text;;;text;;500;;;50;;;;;;;;;;Реализация ТМЦ;;
98;Крестовина GUK-12;1929;Y;;;;;text;;;text;;500;;;50;;;;;;;;;;Реализация ТМЦ;;
99;ремкомплект поршня 9156042;1930;Y;;;;;text;;;text;;500;;;50;;;;;;;;;;Реализация ТМЦ;;
100;Сальник на насос 7030002;1931;Y;;;;;text;;;text;;500;;;50;;;;;;;;;;Реализация ТМЦ;;
102;Соленоид 7023379;1932;Y;;;;;text;;;text;;500;;;50;;;;;;;;;;Реализация ТМЦ;;
103;трубка гидравлическая 9613031;1933;Y;;;;;text;;;text;;500;;;50;;;;;;;;;;Реализация ТМЦ;;
104;трубка подачи масла турбины 10115743;1934;Y;;;;;text;;;text;;500;;;50;;;;;;;;;;Реализация ТМЦ;;
105;уголок 9881766;1935;Y;;;;;text;;;text;;500;;;50;;;;;;;;;;Реализация ТМЦ;;
106;Хомут 10411367;1936;Y;;;;;text;;;text;;500;;;50;;;;;;;;;;Реализация ТМЦ;;
107;7011819 Уплотнительное кольцо;1937;Y;;;;;text;;;text;;500;;;3;;;;;;;;;;Реализация ТМЦ;;
108;Гранит керамический 60*60 UF003 (полир) ректифицированный;1938;Y;;;;;text;;;text;;500;;;11;;;;;;;;;;Реализация ТМЦ;;
109;Гранит керамический 60*60 UF013 (полир);1939;Y;;;;;text;;;text;;500;;;11;;;;;;;;;;Реализация ТМЦ;;
110;Держатель с защелкой CF20;1940;Y;;;;;text;;;text;;500;;;1;;;;;;;;;;Реализация ТМЦ;;
111;Кабель ВВГнг 5х95-1;1941;Y;;;;;text;;;text;;500;;;42;;;;;;;;;;Реализация ТМЦ;;
112;Кляммер рядовой нерж. 1,2 мм (430);1942;Y;;;;;text;;;text;;500;;;34;;;;;;;;;;Реализация ТМЦ;;
113;Отвод 50*45гр;1943;Y;;;;;text;;;text;;500;;;44;;;;;;;;;;Реализация ТМЦ;;
114;Отвод ПП 90гр. Дн50;1944;Y;;;;;text;;;text;;500;;;44;;;;;;;;;;Реализация ТМЦ;;
115;Переход ПП 110*50;1945;Y;;;;;text;;;text;;500;;;44;;;;;;;;;;Реализация ТМЦ;;
116;Подшипник 2556;1946;Y;;;;;text;;;text;;500;;;50;;;;;;;;;;Реализация ТМЦ;;
117;Провод ПуГВнг(А)-LS 1х10;1947;Y;;;;;text;;;text;;500;;;42;;;;;;;;;;Реализация ТМЦ;;
118;Прокладка паронитовая 2мм 90*80;1948;Y;;;;;text;;;text;;500;;;11;;;;;;;;;;Реализация ТМЦ;;
119;Тройник ПП прямой 90гр Дн110-110;1949;Y;;;;;text;;;text;;500;;;44;;;;;;;;;;Реализация ТМЦ;;
120;Труба водосточная D120* 1250 мм. Оц;1950;Y;;;;;text;;;text;;500;;;44;;;;;;;;;;Реализация ТМЦ;;
121;Труба нержавеющая (GF) 20А;1951;Y;;;;;text;;;text;;500;;;36;;;;;;;;;;Реализация ТМЦ;;
122;Шнур волокно-оптический OS2 LC/UPC-LC/UPC двойной LSZH нг(А)-HFLT*2мм;1952;Y;;;;;text;;;text;;500;;;20;;;;;;;;;;Реализация ТМЦ;;
123;Щит/Бокс ЩРН-П-36;1953;Y;;;;;text;;;text;;500;;;1;;;;;;;;;;Реализация ТМЦ;;
124;Дюбель фасадный 10*100;1954;Y;;;;;text;;;text;;500;;;34;;;;;;;;;;Реализация ТМЦ;;
125;WILO Насос скваженный EMU k 127-2-NU 911-2/50 90 кВт 6038647;1955;Y;;;;;text;;;text;;500;;;33;;;;;;;;;;Реализация ТМЦ;;
126;WILO-Прибор запуска, защиты, упр SK-712/sd-3-110 (230A) 2895311;1956;Y;;;;;text;;;text;;500;;;22;;;;;;;;;;Реализация ТМЦ;;
127;Весы конвейерные АВП-К-650;1957;Y;;;;;text;;;text;;500;;;59;;;;;;;;;;Реализация ТМЦ;;
128;Мигалка Ду100 с конусным клапаном 3.146И1-0;1958;Y;;;;;text;;;text;;500;;;51;;;;;;;;;;Реализация ТМЦ;;
129;Эл. двигатель АИР 315 160,0/1500лапы б/у;1959;Y;;;;;text;;;text;;500;;;2;;;;;;;;;;Реализация ТМЦ;;
130;Электродвигатель 5АИ 160 М4 18.5/1500 IM 2001 380В/660В;1960;Y;;;;;text;;;text;;500;;;2;;;;;;;;;;Реализация ТМЦ;;
131;Эл.двигатель 5АНК280А-6С-75УЗ 75/1000 IM1001;1961;Y;;;;;text;;;text;;500;;;2;;;;;;;;;;Реализация ТМЦ;;
132;Эл.двигатель АИР 100;1962;Y;;;;;text;;;text;;500;;;2;;;;;;;;;;Реализация ТМЦ;;
133;Эл.двигатель АИР 100 L3 2.2 кВт 1000 об.Фланец;1963;Y;;;;;text;;;text;;500;;;2;;;;;;;;;;Реализация ТМЦ;;
134;Электродвигатель 37квт/1500;1964;Y;;;;;text;;;text;;500;;;2;;;;;;;;;;Реализация ТМЦ;;
135;Электродвигатель 5АИ 132 M6 7.6/1500 IM1081;1965;Y;;;;;text;;;text;;500;;;2;;;;;;;;;;Реализация ТМЦ;;
136;электродвигатель 5АМ112МА6 3/1000 исп IM 2081 10.5;1966;Y;;;;;text;;;text;;500;;;2;;;;;;;;;;Реализация ТМЦ;;
137;Электродвигатель 5АМХ 3квт/1500 об/мин;1967;Y;;;;;text;;;text;;500;;;2;;;;;;;;;;Реализация ТМЦ;;
138;Электродвигатель АИР 15кВт760;1968;Y;;;;;text;;;text;;500;;;2;;;;;;;;;;Реализация ТМЦ;;
139;Электродвигатель АИР 160М6 15кВт/1000 об. Лапы;1969;Y;;;;;text;;;text;;500;;;2;;;;;;;;;;Реализация ТМЦ;;
140;Электродвигатель АИР 200М4 37кВт*1500об/мин 1081 лапы;1970;Y;;;;;text;;;text;;500;;;2;;;;;;;;;;Реализация ТМЦ;;
141;Электродвигатель АИР90L6 1,5/100 IM1081;1971;Y;;;;;text;;;text;;500;;;2;;;;;;;;;;Реализация ТМЦ;;
142;Электродвигатель АМ 200 22Квт;1972;Y;;;;;text;;;text;;500;;;2;;;;;;;;;;Реализация ТМЦ;;
143;IC200UDR164 Контроллер VersaMax Micro;1973;Y;;;;;text;;;text;;500;;;22;;;;;;;;;;Реализация ТМЦ;;
144;IC200UEX011 модуль расширения VersaMax Micro;1974;Y;;;;;text;;;text;;500;;;22;;;;;;;;;;Реализация ТМЦ;;
145;IC200UEX636 аналоговый модуль расширения VersaMax Micro;1975;Y;;;;;text;;;text;;500;;;22;;;;;;;;;;Реализация ТМЦ;;
146;Труба медная М1Л д.70х15х2500 мм;1976;Y;;;;;text;;;text;;500;;;44;;;;;;;;;;Реализация ТМЦ;;
147;Болт БСР 12*110 ГОСТ 28778-90 Ст.3;1977;Y;;;;;text;;;text;;500;;;34;;;;;;;;;;Реализация ТМЦ;;
148;Модуль порошкового пожаротушения Тунгус-6 МПП(Н)-6-И-ГЭ-У2;1978;Y;;;;;text;;;text;;500;;;21;;;;;;;;;;Реализация ТМЦ;;
149;Болт анкерный 1.1 М36 L=1250;1979;Y;;;;;text;;;text;;500;;;34;;;;;;;;;;Реализация ТМЦ;;
150;Болт 1.1 М36*1500 Lрезьбы 150мм;1980;Y;;;;;text;;;text;;500;;;34;;;;;;;;;;Реализация ТМЦ;;
151;Отвод крутоизогнутый ст.20 Ду377*10;1981;Y;;;;;text;;;text;;500;;;44;;;;;;;;;;Реализация ТМЦ;;
152;Подшипник 2226 (N226);1982;Y;;;;;text;;;text;;500;;;50;;;;;;;;;;Реализация ТМЦ;;
153;Болт фундаментный исп.5 М36*1600 ГОСТ 24379;1983;Y;;;;;text;;;text;;500;;;34;;;;;;;;;;Реализация ТМЦ;;
154;Болт анкерный М10х60 с крюком;1984;Y;;;;;text;;;text;;500;;;34;;;;;;;;;;Реализация ТМЦ;;
155;Лист медный М1 0,5х600х1500 ДПРНМ;1985;Y;;;;;text;;;text;;500;;;37;;;;;;;;;;Реализация ТМЦ;;
156;Кран шаровый 2-ходовой R2015-2P5-S1;1986;Y;;;;;text;;;text;;500;;;44;;;;;;;;;;Реализация ТМЦ;;
157;Кран шаровый 2-ходовой R2025-4-S1;1987;Y;;;;;text;;;text;;500;;;44;;;;;;;;;;Реализация ТМЦ;;
158;Болт анкерный 1.1М36х1460  L=150;1988;Y;;;;;text;;;text;;500;;;34;;;;;;;;;;Реализация ТМЦ;;
159;Отвод 90 325х7 ГОСТ 17375-2001;1989;Y;;;;;text;;;text;;500;;;44;;;;;;;;;;Реализация ТМЦ;;
160;Кран шаровый 2-ходовой R2015-1P6-S1;1990;Y;;;;;text;;;text;;500;;;44;;;;;;;;;;Реализация ТМЦ;;
161;"Воздухоотводчик автомат Ду  1/2"" VAL TEC ник (прямой) 502";1991;Y;;;;;text;;;text;;500;;;44;;;;;;;;;;Реализация ТМЦ;;
162;Кабель коаксикальный 75 Ом РК75-4-15;1992;Y;;;;;text;;;text;;500;;;42;;;;;;;;;;Реализация ТМЦ;;
163;Анкер-шпилька HAS-E M12*110/28;1993;Y;;;;;text;;;text;;500;;;34;;;;;;;;;;Реализация ТМЦ;;
164;Болт анкерный   1.1М16х600  L=70;1994;Y;;;;;text;;;text;;500;;;34;;;;;;;;;;Реализация ТМЦ;;
165;Болт анкерный   1.1М20х800  L=100;1995;Y;;;;;text;;;text;;500;;;34;;;;;;;;;;Реализация ТМЦ;;
166;Анкер клиновой 10х100;1996;Y;;;;;text;;;text;;500;;;34;;;;;;;;;;Реализация ТМЦ;;
167;Гайка К481 (3/4) УЗ;1997;Y;;;;;text;;;text;;500;;;58;;;;;;;;;;Реализация ТМЦ;;
168;Гайка К482 (1) У3;1998;Y;;;;;text;;;text;;500;;;58;;;;;;;;;;Реализация ТМЦ;;
169;Болт анкерный с гайкой 12*60 мм;1999;Y;;;;;text;;;text;;500;;;34;;;;;;;;;;Реализация ТМЦ;;
170;Анкер К675;2000;Y;;;;;text;;;text;;500;;;34;;;;;;;;;;Реализация ТМЦ;;
171;Модуль I-7021P CR 16-bit analog output module;2001;Y;;;;;text;;;text;;500;;;1;;;;;;;;;;Реализация ТМЦ;;
172;Кабель ОКА-М6П-А48-6,0;2002;Y;;;;;text;;;text;;500;;;42;;;;;;;;;;Реализация ТМЦ;;
173;Стекло ветровое Maverick;2003;Y;;;;;text;;;text;;500;;;48;;;;;;;;;;Реализация ТМЦ;;
174;FMP56-41N4/0 FMP56-AACCAANBB3GDE+AIPBZ1 Levelflex FMP56 Микроимпульсный уровнемер NB: 6.000 мм, трос;2004;Y;;;;;text;;;text;;500;;;22;;;;;;;;;;Реализация ТМЦ;;
175;Вентилятор канальный  ВКт 250;2005;Y;;;;;text;;;text;;500;;;60;;;;;;;;;;Реализация ТМЦ;;
176;Емкостной датчик Kapazitiver Naeherungsschalter KD5044 Германия;2006;Y;;;;;text;;;text;;500;;;22;;;;;;;;;;Реализация ТМЦ;;
177;Клапан балансир руч муфт с нип/дренаж MSV-BD Ду 40 Ру 20 Danfoss 003Z4005;2007;Y;;;;;text;;;text;;500;;;51;;;;;;;;;;Реализация ТМЦ;;
178;Комплект перех. 1х3/4 в блистере;2008;Y;;;;;text;;;text;;500;;;10;;;;;;;;;;Реализация ТМЦ;;
179;Сифон для мойки СБУ;2009;Y;;;;;text;;;text;;500;;;17;;;;;;;;;;Реализация ТМЦ;;
180;"Сифон Элит для 2-ой мойки с нерж. чашк. с отв. с/м (11/2""40) d 1.5";2010;Y;;;;;text;;;text;;500;;;17;;;;;;;;;;Реализация ТМЦ;;
181;Тройник наружный 160х110х45;2011;Y;;;;;text;;;text;;500;;;52;;;;;;;;;;Реализация ТМЦ;;
182;Тройник 57х3,5 стальной ГОСТ 17376-01;2012;Y;;;;;text;;;text;;500;;;52;;;;;;;;;;Реализация ТМЦ;;
183;Комплект подключения к AHU KAH-01B;2013;Y;;;;;text;;;text;;500;;;10;;;;;;;;;;Реализация ТМЦ;;
184;Раковина ARKITEKT 4047B003-0001 (белый);2014;Y;;;;;text;;;text;;500;;;17;;;;;;;;;;Реализация ТМЦ;;
185;Сифон ВМ1003 АНИ Юнг 1.1/4*32;2015;Y;;;;;text;;;text;;500;;;17;;;;;;;;;;Реализация ТМЦ;;
186;Отвод Ду377*8 ст20 ГОСТ 17375;2016;Y;;;;;text;;;text;;500;;;36;;;;;;;;;;Реализация ТМЦ;;
187;Отвод крутоизогнутый ДУ-108-3,5-4;2017;Y;;;;;text;;;text;;500;;;36;;;;;;;;;;Реализация ТМЦ;;
188;Тройник стальной 108*4;2018;Y;;;;;text;;;text;;500;;;36;;;;;;;;;;Реализация ТМЦ;;
189;Труба 273*6 ГОСТ 10705-80;2019;Y;;;;;text;;;text;;500;;;36;;;;;;;;;;Реализация ТМЦ;;
190;Труба 377*6;2020;Y;;;;;text;;;text;;500;;;36;;;;;;;;;;Реализация ТМЦ;;
191;Труба 377*8 ГОСТ 10705 ст09Г2С;2021;Y;;;;;text;;;text;;500;;;36;;;;;;;;;;Реализация ТМЦ;;
192;Труба гофрированная DN17мм ПВ-0 Dвн=16,8мм Dнар=21,2мм;2022;Y;;;;;text;;;text;;500;;;52;;;;;;;;;;Реализация ТМЦ;;
193;Трубы стальные оцинкованные 80 *4,0 6000;2023;Y;;;;;text;;;text;;500;;;36;;;;;;;;;;Реализация ТМЦ;;
194;Комплектное устройство управления Я5115-2974-29УХЛ4 380В, цепи управления 220В;2024;Y;;;;;text;;;text;;500;;;22;;;;;;;;;;Реализация ТМЦ;;
195;Комплектное устройство управления Я5135-2474-28УХЛ4 380В, цепи управления 220В;2025;Y;;;;;text;;;text;;500;;;22;;;;;;;;;;Реализация ТМЦ;;
196;РУСМ 5114-3174;2026;Y;;;;;text;;;text;;500;;;52;;;;;;;;;;Реализация ТМЦ;;
197;Светильник ARS/S 418 4х18Вт IP20 (15641810);2027;Y;;;;;text;;;text;;500;;;16;;;;;;;;;;Реализация ТМЦ;;
198;Тепловая завеса Антарес Универсал ПРО 1202А без нагрева;2028;Y;;;;;text;;;text;;500;;;60;;;;;;;;;;Реализация ТМЦ;;
199;Шкаф распределительный 380В, IP54, с выключателями АВВ: 1SDA070334R1, S803, S203;2029;Y;;;;;text;;;text;;500;;;31;;;;;;;;;;Реализация ТМЦ;;
200;Шкаф распределительный ПР8503-1161-54 УХЛ2(13/1582.4)(13/1582.4);2030;Y;;;;;text;;;text;;500;;;31;;;;;;;;;;Реализация ТМЦ;;
201;Шкаф распределительный ЩРО 8505-2614-Н УХЛЗ.1 (1);2031;Y;;;;;text;;;text;;500;;;31;;;;;;;;;;Реализация ТМЦ;;
202;Шкаф управления навесной IP54 АК-1 ч.088-ЭМ4.6 (КУ1);2032;Y;;;;;text;;;text;;500;;;31;;;;;;;;;;Реализация ТМЦ;;
203;ЩРО 8505-2409-Н УХЛ3 щит распределительный;2033;Y;;;;;text;;;text;;500;;;31;;;;;;;;;;Реализация ТМЦ;;
204;ЩРО 8505-4532;2034;Y;;;;;text;;;text;;500;;;31;;;;;;;;;;Реализация ТМЦ;;
205;ЩРО8505-4722;2035;Y;;;;;text;;;text;;500;;;31;;;;;;;;;;Реализация ТМЦ;;
206;Ящик протяжной, IP54 У654У2;2036;Y;;;;;text;;;text;;500;;;31;;;;;;;;;;Реализация ТМЦ;;
207;Ящик управления РУСМ 5115-2674;2037;Y;;;;;text;;;text;;500;;;31;;;;;;;;;;Реализация ТМЦ;;
208;Выключатель автоматический 3П 200А 400В 18 КА;2038;Y;;;;;text;;;text;;500;;;31;;;;;;;;;;Реализация ТМЦ;;
209;Изовер;2039;Y;;;;;text;;;text;;500;;;29;;;;;;;;;;Реализация ТМЦ;;
210;Источник бесперебойного питания/ИБП Скат-1200;2040;Y;;;;;text;;;text;;500;;;22;;;;;;;;;;Реализация ТМЦ;;
211;Кабельный органайзер NMC-OK600-2;2041;Y;;;;;text;;;text;;500;;;43;;;;;;;;;;Реализация ТМЦ;;
212;Плита для цоколя 300*150*20;2042;Y;;;;;text;;;text;;500;;;29;;;;;;;;;;Реализация ТМЦ;;
213;Плита для цоколя 300*300*20;2043;Y;;;;;text;;;text;;500;;;29;;;;;;;;;;Реализация ТМЦ;;
214;"Плитка тротуарная ""Класико 6""";2044;Y;;;;;text;;;text;;500;;;29;;;;;;;;;;Реализация ТМЦ;;
215;Площадка 300*600*30мм;2045;Y;;;;;text;;;text;;500;;;29;;;;;;;;;;Реализация ТМЦ;;
216;Прожектор 2700К СТ 1100000110;2046;Y;;;;;text;;;text;;500;;;16;;;;;;;;;;Реализация ТМЦ;;
217;Прожектор LED12 3000К;2047;Y;;;;;text;;;text;;500;;;16;;;;;;;;;;Реализация ТМЦ;;
218;Прожектор LED24 3000К;2048;Y;;;;;text;;;text;;500;;;16;;;;;;;;;;Реализация ТМЦ;;
219;Прожектор светодиодный ДО-50Вт 6500К 3600Лм;2049;Y;;;;;text;;;text;;500;;;16;;;;;;;;;;Реализация ТМЦ;;
220;Светильник BARRO 10 CT 1558000010;2050;Y;;;;;text;;;text;;500;;;16;;;;;;;;;;Реализация ТМЦ;;
221;Светильник BARRO 7P CT 1558000040;2051;Y;;;;;text;;;text;;500;;;16;;;;;;;;;;Реализация ТМЦ;;
222;Светильник LED 1200 4000К;2052;Y;;;;;text;;;text;;500;;;16;;;;;;;;;;Реализация ТМЦ;;
223;Светильник LED 4000К;2053;Y;;;;;text;;;text;;500;;;16;;;;;;;;;;Реализация ТМЦ;;
224;Светильник LED 5000К;2054;Y;;;;;text;;;text;;500;;;16;;;;;;;;;;Реализация ТМЦ;;
225;Сигнал звуковой;2055;Y;;;;;text;;;text;;500;;;24;;;;;;;;;;Реализация ТМЦ;;
226;Труба гофрированная ПВХ 16мм с протяжкой;2056;Y;;;;;text;;;text;;500;;;18;;;;;;;;;;Реализация ТМЦ;;
227;4 соединителя для кабеля А9ХРСМ04;2057;Y;;;;;text;;;text;;500;;;1;;;;;;;;;;Реализация ТМЦ;;
228;Индикатор NR7HP01;2058;Y;;;;;text;;;text;;500;;;50;;;;;;;;;;Реализация ТМЦ;;
229;Регулятор скорости вентилятора RTRD2 (3-, 2А);2059;Y;;;;;text;;;text;;500;;;50;;;;;;;;;;Реализация ТМЦ;;
230;Табло световое ТС-2-8 красное св.;2060;Y;;;;;text;;;text;;500;;;1;;;;;;;;;;Реализация ТМЦ;;
231;"Оповещатель световой пожарный Блик-С-24 (""ВЫХОД"", 24В)";2061;Y;;;;;text;;;text;;500;;;1;;;;;;;;;;Реализация ТМЦ;;
232;Амперметр EC72 /5A;2062;Y;;;;;text;;;text;;500;;;1;;;;;;;;;;Реализация ТМЦ;;
233;Амперметр А72 600А/5А-1,5;2063;Y;;;;;text;;;text;;500;;;46;;;;;;;;;;Реализация ТМЦ;;
234;"Манометр радиальный Dn50мм 1/4""
(шкала до 1,0 Мпа), SIM-0010-501008";2064;Y;;;;;text;;;text;;500;;;44;;;;;;;;;;Реализация ТМЦ;;
235;Блок зажимов БЗ24-4п25-10;2065;Y;;;;;text;;;text;;500;;;1;;;;;;;;;;Реализация ТМЦ;;
236;Блок клапанный 1100-БКН-1-08;2066;Y;;;;;text;;;text;;500;;;1;;;;;;;;;;Реализация ТМЦ;;
237;Бобышка 1130 М20х1,5-сталь20;2067;Y;;;;;text;;;text;;500;;;50;;;;;;;;;;Реализация ТМЦ;;
238;Бобышка Эмис-Векта 1330-М20х1,5-сталь20;2068;Y;;;;;text;;;text;;500;;;50;;;;;;;;;;Реализация ТМЦ;;
239;Бобышка М27*2 50мм;2069;Y;;;;;text;;;text;;500;;;50;;;;;;;;;;Реализация ТМЦ;;
240;Втулка В 28;2070;Y;;;;;text;;;text;;500;;;58;;;;;;;;;;Реализация ТМЦ;;
241;Втулка В 54;2071;Y;;;;;text;;;text;;500;;;58;;;;;;;;;;Реализация ТМЦ;;
242;Заглушка ПП/РР 110;2072;Y;;;;;text;;;text;;500;;;44;;;;;;;;;;Реализация ТМЦ;;
243;"Муфта комбинированная для шланга РР 66*2"" М";2073;Y;;;;;text;;;text;;500;;;44;;;;;;;;;;Реализация ТМЦ;;
244;Тройник РР 110/110 87,5 гр.;2074;Y;;;;;text;;;text;;500;;;44;;;;;;;;;;Реализация ТМЦ;;
245;Тройник РР 50/50/87,5;2075;Y;;;;;text;;;text;;500;;;44;;;;;;;;;;Реализация ТМЦ;;
246;Тройник ПП 63мм;2076;Y;;;;;text;;;text;;500;;;44;;;;;;;;;;Реализация ТМЦ;;
247;Тройник ПП косой 45гр.Дн110-110-50;2077;Y;;;;;text;;;text;;500;;;44;;;;;;;;;;Реализация ТМЦ;;
248;Тройник ПП 110/50/87гр;2078;Y;;;;;text;;;text;;500;;;44;;;;;;;;;;Реализация ТМЦ;;
249;Труба с раструбом PP 110 750мм;2079;Y;;;;;text;;;text;;500;;;44;;;;;;;;;;Реализация ТМЦ;;
250;Труба с раструбом PP 110/1000;2080;Y;;;;;text;;;text;;500;;;44;;;;;;;;;;Реализация ТМЦ;;
251;Труба с раструбом PP 50 250мм;2081;Y;;;;;text;;;text;;500;;;44;;;;;;;;;;Реализация ТМЦ;;
252;Труба PP PN20 63мм;2082;Y;;;;;text;;;text;;500;;;44;;;;;;;;;;Реализация ТМЦ;;
253;Труба PPRC Ду20 PN20;2083;Y;;;;;text;;;text;;500;;;44;;;;;;;;;;Реализация ТМЦ;;
254;Труба ПЭ100 SDR 17- 63*3,8 питьевая;2084;Y;;;;;text;;;text;;500;;;44;;;;;;;;;;Реализация ТМЦ;;
255;Труба гофрированная ПВХ 50мм с протяжкой;2085;Y;;;;;text;;;text;;500;;;1;;;;;;;;;;Реализация ТМЦ;;
256;Труба гофрированная ПЛЛ 32мм с протяжкой;2086;Y;;;;;text;;;text;;500;;;44;;;;;;;;;;Реализация ТМЦ;;
257;Датчик ДТКБ-46 температуры;2087;Y;;;;;text;;;text;;500;;;1;;;;;;;;;;Реализация ТМЦ;;
258;Датчик ИД64И;2088;Y;;;;;text;;;text;;500;;;1;;;;;;;;;;Реализация ТМЦ;;
259;Датчик-реле температуры ДТКБ-44;2089;Y;;;;;text;;;text;;500;;;1;;;;;;;;;;Реализация ТМЦ;;
260;Датчик-реле температуры ДТКБ-49;2090;Y;;;;;text;;;text;;500;;;1;;;;;;;;;;Реализация ТМЦ;;
261;Датчик-реле температуры ДТКБ-51;2091;Y;;;;;text;;;text;;500;;;1;;;;;;;;;;Реализация ТМЦ;;
262;Термометр для помещений JUMO heatTHERM 603070/0001;2092;Y;;;;;text;;;text;;500;;;1;;;;;;;;;;Реализация ТМЦ;;
263;Термометр БТ-51-211 L=64 160град, G1/2;2093;Y;;;;;text;;;text;;500;;;44;;;;;;;;;;Реализация ТМЦ;;
264;Термопреобразователь сопротивления ТС-1088 -/1/ -/ Pt100/ -50/...+200/80/10/ В/АГ-10/С/ №3/ ГП;2094;Y;;;;;text;;;text;;500;;;21;;;;;;;;;;Реализация ТМЦ;;
265;Термопреобразователь сопротивления ТС-1088Л -/1/ -/ Pt100/ -50/...+200/80/10/ В/СП-1/С/№3/ ГП;2095;Y;;;;;text;;;text;;500;;;21;;;;;;;;;;Реализация ТМЦ;;
266;Держатель для труб d20мм;2096;Y;;;;;text;;;text;;500;;;1;;;;;;;;;;Реализация ТМЦ;;
267;Заглушка/Колпачок пластиковый FEC 41 B для консолей и монтажных шин, арт. 77355 Fischer;2097;Y;;;;;text;;;text;;500;;;1;;;;;;;;;;Реализация ТМЦ;;
268;Колпачок изолирующий для разъема RJ-45;2098;Y;;;;;text;;;text;;500;;;1;;;;;;;;;;Реализация ТМЦ;;
269;Кабельный канал CD 60х60 3240193;2099;Y;;;;;text;;;text;;500;;;1;;;;;;;;;;Реализация ТМЦ;;
270;Кабель-канал 80х60;2100;Y;;;;;text;;;text;;500;;;1;;;;;;;;;;Реализация ТМЦ;;
271;Пласт.ввод.кабел.панель R1581.000 5шт.;2101;Y;;;;;text;;;text;;500;;;20;;;;;;;;;;Реализация ТМЦ;;
272;Сплиттер ADSL D-Link DSL-30CF/RS ADSL;2102;Y;;;;;text;;;text;;500;;;20;;;;;;;;;;Реализация ТМЦ;;
273;Кольцо опорное КО-6 (0,02 м3);2103;Y;;;;;text;;;text;;500;;;11;;;;;;;;;;Реализация ТМЦ;;
274;Кольцо стеновое КЦ 7.9 (0.15 м3);2104;Y;;;;;text;;;text;;500;;;11;;;;;;;;;;Реализация ТМЦ;;
275;КЦД-15 Дно колодца;2105;Y;;;;;text;;;text;;500;;;21;;;;;;;;;;Реализация ТМЦ;;
276;КЦП 1-15-2, Крышка колодца;2106;Y;;;;;text;;;text;;500;;;21;;;;;;;;;;Реализация ТМЦ;;
277;Плита перекрытия КЦП 3-10;2107;Y;;;;;text;;;text;;500;;;21;;;;;;;;;;Реализация ТМЦ;;
278;Кольцо уплотнительное;2108;Y;;;;;text;;;text;;500;;;50;;;;;;;;;;Реализация ТМЦ;;
279;Кольцо уплотнительное Тайтон Ду 100;2109;Y;;;;;text;;;text;;500;;;44;;;;;;;;;;Реализация ТМЦ;;
280;Кольцо уплотнительное Тайтон Ду 150;2110;Y;;;;;text;;;text;;500;;;44;;;;;;;;;;Реализация ТМЦ;;
281;Кольцо уплотнительное Тайтон Ду 200;2111;Y;;;;;text;;;text;;500;;;44;;;;;;;;;;Реализация ТМЦ;;
282;Резиновое уплотнительное кольцо Ду100;2112;Y;;;;;text;;;text;;500;;;50;;;;;;;;;;Реализация ТМЦ;;
283;Лампа ДНАТ 400 Вт;2113;Y;;;;;text;;;text;;500;;;38;;;;;;;;;;Реализация ТМЦ;;
284;Лента Л 207 (уп.25м);2114;Y;;;;;text;;;text;;500;;;14;;;;;;;;;;Реализация ТМЦ;;
285;"Писсуар ""СЛАВУТА"" в комплекте (сифон, КРАН)";2115;Y;;;;;text;;;text;;500;;;44;;;;;;;;;;Реализация ТМЦ;;
286;Умывальник керамический (500х400) Россия;2116;Y;;;;;text;;;text;;500;;;44;;;;;;;;;;Реализация ТМЦ;;
287;"Чаша ""Генуя"" с сиф., рассеив.БЕЗ БАЧКА";2117;Y;;;;;text;;;text;;500;;;44;;;;;;;;;;Реализация ТМЦ;;
288;Шнур переходной FC/APC-LC/APC, 9/125, двойной, 2м;2118;Y;;;;;text;;;text;;500;;;1;;;;;;;;;;Реализация ТМЦ;;
289;Анкер-гильза HLC 10*65\25;2119;Y;;;;;text;;;text;;500;;;34;;;;;;;;;;Реализация ТМЦ;;
290;Анкер-шпилька HST3-R M12*115 40/20;2120;Y;;;;;text;;;text;;500;;;34;;;;;;;;;;Реализация ТМЦ;;
291;Болт БСР 10*100 ст3 ГОСТ 28778-90;2121;Y;;;;;text;;;text;;500;;;34;;;;;;;;;;Реализация ТМЦ;;
292;Болт БСР 12*110;2122;Y;;;;;text;;;text;;500;;;34;;;;;;;;;;Реализация ТМЦ;;
293;Болт с Т-образной головкой CLIx S 10*60, арт.20919 Fischer;2123;Y;;;;;text;;;text;;500;;;34;;;;;;;;;;Реализация ТМЦ;;
294;Болт фундаментный исп.2.1 М16*350 ГОСТ 24379.1-80;2124;Y;;;;;text;;;text;;500;;;34;;;;;;;;;;Реализация ТМЦ;;
295;Гайка монтажная АТССМГ-М12;2125;Y;;;;;text;;;text;;500;;;1;;;;;;;;;;Реализация ТМЦ;;
296;Гайка монтажная АТССМГ-М8;2126;Y;;;;;text;;;text;;500;;;1;;;;;;;;;;Реализация ТМЦ;;
297;Гильза алюминиевая ГА 16-5,4;2127;Y;;;;;text;;;text;;500;;;1;;;;;;;;;;Реализация ТМЦ;;
298;Гильза защитная 1300-1-08-120-15МПа-М20х1,5-12Х18Н10Т;2128;Y;;;;;text;;;text;;500;;;1;;;;;;;;;;Реализация ТМЦ;;
299;Держатель НЛ-Д;2129;Y;;;;;text;;;text;;500;;;1;;;;;;;;;;Реализация ТМЦ;;
300;Держатель плавкой вставки ДВП4-2В;2130;Y;;;;;text;;;text;;500;;;1;;;;;;;;;;Реализация ТМЦ;;
301;Держатель/распорка TS;2131;Y;;;;;text;;;text;;500;;;1;;;;;;;;;;Реализация ТМЦ;;
302;Деталь 6*460*100;2132;Y;;;;;text;;;text;;500;;;21;;;;;;;;;;Реализация ТМЦ;;
303;Диффузор круглый потолочный универсальный пластиковый 250;2133;Y;;;;;text;;;text;;500;;;44;;;;;;;;;;Реализация ТМЦ;;
304;Дождеприемник ДБ-2;2134;Y;;;;;text;;;text;;500;;;44;;;;;;;;;;Реализация ТМЦ;;
305;Дюбель д/изоляции IZM 10*140мм;2135;Y;;;;;text;;;text;;500;;;34;;;;;;;;;;Реализация ТМЦ;;
306;Дюбель д/изоляции IZО 10*140;2136;Y;;;;;text;;;text;;500;;;34;;;;;;;;;;Реализация ТМЦ;;
307;Дюбель монтажный 10х160;2137;Y;;;;;text;;;text;;500;;;34;;;;;;;;;;Реализация ТМЦ;;
308;Дюбель фасадный KD10*80мм;2138;Y;;;;;text;;;text;;500;;;34;;;;;;;;;;Реализация ТМЦ;;
309;Заглушка 32 ст.20;2139;Y;;;;;text;;;text;;500;;;1;;;;;;;;;;Реализация ТМЦ;;
310;Заглушка У-1087 УХЛ2,5;2140;Y;;;;;text;;;text;;500;;;1;;;;;;;;;;Реализация ТМЦ;;
311;Зажим тросовый К676;2141;Y;;;;;text;;;text;;500;;;1;;;;;;;;;;Реализация ТМЦ;;
312;Зажим У1115 УХЛ2,5;2142;Y;;;;;text;;;text;;500;;;1;;;;;;;;;;Реализация ТМЦ;;
313;Заклепка ZK 4,8*12;2143;Y;;;;;text;;;text;;500;;;34;;;;;;;;;;Реализация ТМЦ;;
314;Запорная рукоятка для клапанов  RA-N,RA-G DANFOSS 013G3300;2144;Y;;;;;text;;;text;;500;;;50;;;;;;;;;;Реализация ТМЦ;;
315;Затвор дисковый поворотный Ду50 Ру16;2145;Y;;;;;text;;;text;;500;;;44;;;;;;;;;;Реализация ТМЦ;;
316;Затвор дисковый поворотный Ду150 Ру16;2146;Y;;;;;text;;;text;;500;;;44;;;;;;;;;;Реализация ТМЦ;;
317;Затвор поворотный дисковый с упл. EPDM Ду65 Ру16;2147;Y;;;;;text;;;text;;500;;;44;;;;;;;;;;Реализация ТМЦ;;
318;ЗК14-2-10 уст. 12-1/1 0,01-450- Ст.20Л(з) отборное устройство разряжения;2148;Y;;;;;text;;;text;;500;;;50;;;;;;;;;;Реализация ТМЦ;;
319;Устройство отборное давления ЗК14-2-102, установка 5а-У, 16-70-Ст.20МП;2149;Y;;;;;text;;;text;;500;;;50;;;;;;;;;;Реализация ТМЦ;;
320;ЗК14-2-2-02 уст. 1б-у отборное устройство давления;2150;Y;;;;;text;;;text;;500;;;44;;;;;;;;;;Реализация ТМЦ;;
321;ЗК4-1-6-95 уст. 01-07 20-10 57*32;2151;Y;;;;;text;;;text;;500;;;21;;;;;;;;;;Реализация ТМЦ;;
322;Электропривод Belimo LR24A-SR;2152;Y;;;;;text;;;text;;500;;;44;;;;;;;;;;Реализация ТМЦ;;
323;КК8, Коробка распределительная;2153;Y;;;;;text;;;text;;500;;;1;;;;;;;;;;Реализация ТМЦ;;
324;Клапан Atos DKQ-024/C/24-EX 24DC;2154;Y;;;;;text;;;text;;500;;;50;;;;;;;;;;Реализация ТМЦ;;
325;Клапан КЛК-250-Р Ду 250  сталь 09Г2С;2155;Y;;;;;text;;;text;;500;;;44;;;;;;;;;;Реализация ТМЦ;;
326;Клапан обратный FAF 2370 Ду100 Ру16 тарельчатый, межфланцевый;2156;Y;;;;;text;;;text;;500;;;44;;;;;;;;;;Реализация ТМЦ;;
327;"Клапан обратный VALTEC 1 1/4""  VT.161.N.07";2157;Y;;;;;text;;;text;;500;;;44;;;;;;;;;;Реализация ТМЦ;;
328;Ключ К1156 гальванопокрытие для крепления кабельных полок;2158;Y;;;;;text;;;text;;500;;;1;;;;;;;;;;Реализация ТМЦ;;
329;Кольцо опорно-направляющее ОНК 89/273 с крепежом и защитной прокладкой;2159;Y;;;;;text;;;text;;500;;;50;;;;;;;;;;Реализация ТМЦ;;
330;Кольцо опорно-направляющее ОНК-273/530;2160;Y;;;;;text;;;text;;500;;;50;;;;;;;;;;Реализация ТМЦ;;
331;Кольцо опорно-направляющее ОНК-377/630;2161;Y;;;;;text;;;text;;500;;;50;;;;;;;;;;Реализация ТМЦ;;
332;Компенсатор шинный К52 У2;2162;Y;;;;;text;;;text;;500;;;1;;;;;;;;;;Реализация ТМЦ;;
333;Комплект кабельных наконечников КНсп 95 кв.мм (для ВА04-36/ВА51-35);2163;Y;;;;;text;;;text;;500;;;1;;;;;;;;;;Реализация ТМЦ;;
334;Комплект монтажных частей 100-ФР1-1,6-100;2164;Y;;;;;text;;;text;;500;;;1;;;;;;;;;;Реализация ТМЦ;;
335;Комплект монтажных частей 125-Ф-1,6-100;2165;Y;;;;;text;;;text;;500;;;1;;;;;;;;;;Реализация ТМЦ;;
336;Консоль для тяжелых нагрузок FMC 90-1500 230*230*15-1500мм, арт. 547805 Fischer;2166;Y;;;;;text;;;text;;500;;;1;;;;;;;;;;Реализация ТМЦ;;
337;Короб прямой У1079 150*100*2000 УХЛ2,5;2167;Y;;;;;text;;;text;;500;;;1;;;;;;;;;;Реализация ТМЦ;;
338;Короб тройниковый У1084 УХЛ2,5;2168;Y;;;;;text;;;text;;500;;;1;;;;;;;;;;Реализация ТМЦ;;
339;Короб тройниковый У1110 УХЛ2,5;2169;Y;;;;;text;;;text;;500;;;1;;;;;;;;;;Реализация ТМЦ;;
340;Короб угловой вверх У1081 УХЛ2,5;2170;Y;;;;;text;;;text;;500;;;1;;;;;;;;;;Реализация ТМЦ;;
341;Короб угловой вниз У1082 УХЛ2,5;2171;Y;;;;;text;;;text;;500;;;1;;;;;;;;;;Реализация ТМЦ;;
342;Короб угловой горизонтальный У1083 УХЛ2,5;2172;Y;;;;;text;;;text;;500;;;1;;;;;;;;;;Реализация ТМЦ;;
343;Коробка 70х16х44 КМРН;2173;Y;;;;;text;;;text;;500;;;1;;;;;;;;;;Реализация ТМЦ;;
344;Коробка монтажная 3*2мод. горизонт. глубин. 40мм съемный вход 32*12,5мм;2174;Y;;;;;text;;;text;;500;;;1;;;;;;;;;;Реализация ТМЦ;;
345;Коробка распределительная 100мм скрытая с крышкой;2175;Y;;;;;text;;;text;;500;;;1;;;;;;;;;;Реализация ТМЦ;;
346;Коробка распр. ОП 100х100х50 IP55;2176;Y;;;;;text;;;text;;500;;;1;;;;;;;;;;Реализация ТМЦ;;
347;Коробка распределительная У-409-3 (3-рожковая);2177;Y;;;;;text;;;text;;500;;;1;;;;;;;;;;Реализация ТМЦ;;
348;Коробка распределительная КРТМ 10;2178;Y;;;;;text;;;text;;500;;;1;;;;;;;;;;Реализация ТМЦ;;
349;Коробка установочная СП 68х45 ГУСИ С3Е3;2179;Y;;;;;text;;;text;;500;;;1;;;;;;;;;;Реализация ТМЦ;;
350;"Кран шаровый 2"" ВВ";2180;Y;;;;;text;;;text;;500;;;34;;;;;;;;;;Реализация ТМЦ;;
351;"Кран шаровой 11/2"" вн-вн VALTEC BASE, VT.214.N.08";2181;Y;;;;;text;;;text;;500;;;44;;;;;;;;;;Реализация ТМЦ;;
352;"Кран шаровой 11/4"" вн-вн VALTEC BASE, VT.214.N.07";2182;Y;;;;;text;;;text;;500;;;44;;;;;;;;;;Реализация ТМЦ;;
353;Кран шаровой 11Б27п1 вн-нар Ду15;2183;Y;;;;;text;;;text;;500;;;34;;;;;;;;;;Реализация ТМЦ;;
354;"Кран шаровой VALTEC 1/2""вн-1/4""вн для подключения манометра, VT.807.N.0402";2184;Y;;;;;text;;;text;;500;;;44;;;;;;;;;;Реализация ТМЦ;;
355;Кран шаровой муфтовый 11б41п, Ру-16 Ду-32, м/м рыч.;2185;Y;;;;;text;;;text;;500;;;44;;;;;;;;;;Реализация ТМЦ;;
356;Кран шаровой сталь 11с67п СФ Ду 100 Ру40 СФ.00.1.040.100;2186;Y;;;;;text;;;text;;500;;;44;;;;;;;;;;Реализация ТМЦ;;
357;Крепежный профиль Г-образный 60х44х3000 (ОЦ-01-БЦ-0,9);2187;Y;;;;;text;;;text;;500;;;11;;;;;;;;;;Реализация ТМЦ;;
358;Кронштейн 550*450 (уголковый);2188;Y;;;;;text;;;text;;500;;;45;;;;;;;;;;Реализация ТМЦ;;
359;Кронштейн 750*500;2189;Y;;;;;text;;;text;;500;;;45;;;;;;;;;;Реализация ТМЦ;;
360;Кронштейн для радиатора;2190;Y;;;;;text;;;text;;500;;;50;;;;;;;;;;Реализация ТМЦ;;
361;Кронштейн К-5 ТК3-105-90;2191;Y;;;;;text;;;text;;500;;;1;;;;;;;;;;Реализация ТМЦ;;
362;Кронштейн КК-120 (ОЦ-01-БЦ-1,2);2192;Y;;;;;text;;;text;;500;;;21;;;;;;;;;;Реализация ТМЦ;;
363;Кронштейн угловой универсальный;2193;Y;;;;;text;;;text;;500;;;11;;;;;;;;;;Реализация ТМЦ;;
364;КРТП-10*2, Коробка распределительная телефонная плоская на 2х10 пар проводов, 120х100х22мм;2194;Y;;;;;text;;;text;;500;;;1;;;;;;;;;;Реализация ТМЦ;;
365;Крышка для угловой секции 90° вверх АТЛКС-КУ90 В20;2195;Y;;;;;text;;;text;;500;;;1;;;;;;;;;;Реализация ТМЦ;;
366;Лоток лестничный НЛ 40-П1.87 УЗ L=2000;2196;Y;;;;;text;;;text;;500;;;50;;;;;;;;;;Реализация ТМЦ;;
367;Лоток лестничный НЛС 200х40 L2000 сталь 1,2мм;2197;Y;;;;;text;;;text;;500;;;1;;;;;;;;;;Реализация ТМЦ;;
368;Лоток листовой перфорированный АТЛКП 100*80*3000;2198;Y;;;;;text;;;text;;500;;;1;;;;;;;;;;Реализация ТМЦ;;
369;Лоток листовой перфорированный АТЛКП 200*80*3000 (1,5мм);2199;Y;;;;;text;;;text;;500;;;1;;;;;;;;;;Реализация ТМЦ;;
370;Металлорукав РГМ-Ф-СС-65-16-1,5;2200;Y;;;;;text;;;text;;500;;;50;;;;;;;;;;Реализация ТМЦ;;
371;Модуль релейный RIF-1-RPT-LDP-24DC/1х21, арт. 2903332;2201;Y;;;;;text;;;text;;500;;;1;;;;;;;;;;Реализация ТМЦ;;
372;Муфта 3ПКВтБнг-HF1-6,0-Прр;2202;Y;;;;;text;;;text;;500;;;1;;;;;;;;;;Реализация ТМЦ;;
373;Муфта 3ПКВтнг-HF1-2,5-Пр;2203;Y;;;;;text;;;text;;500;;;1;;;;;;;;;;Реализация ТМЦ;;
374;Муфта 4СТП 1 (70-120);2204;Y;;;;;text;;;text;;500;;;50;;;;;;;;;;Реализация ТМЦ;;
375;Муфта 5ПКВТнг-HF1-16-Пр;2205;Y;;;;;text;;;text;;500;;;1;;;;;;;;;;Реализация ТМЦ;;
376;Муфта 5ПСТ-1-70/120;2206;Y;;;;;text;;;text;;500;;;1;;;;;;;;;;Реализация ТМЦ;;
377;Резьбовой крепежный элемент с наружной резьбой РКН-25 / Муфта вводная МВ-25;2207;Y;;;;;text;;;text;;500;;;1;;;;;;;;;;Реализация ТМЦ;;
378;Муфта кабельная 3ПСТ-6-150/240-Б;2208;Y;;;;;text;;;text;;500;;;1;;;;;;;;;;Реализация ТМЦ;;
379;Муфта кабельная 5ПКТп-1-16/25-Б;2209;Y;;;;;text;;;text;;500;;;1;;;;;;;;;;Реализация ТМЦ;;
380;Муфта кабельная 5ПКТп-1-25/50-Б;2210;Y;;;;;text;;;text;;500;;;1;;;;;;;;;;Реализация ТМЦ;;
381;Муфта МТ-25;2211;Y;;;;;text;;;text;;500;;;1;;;;;;;;;;Реализация ТМЦ;;
382;Муфта натяжная К805ц УТ1,5(УЗ) Ст.Оскол;2212;Y;;;;;text;;;text;;500;;;44;;;;;;;;;;Реализация ТМЦ;;
383;"Муфта переходная  VALTEC 1 1/4""*1/2"" вн-вн";2213;Y;;;;;text;;;text;;500;;;44;;;;;;;;;;Реализация ТМЦ;;
384;Муфта ТР-5 У ЗЭТАРУС zeta40913;2214;Y;;;;;text;;;text;;500;;;58;;;;;;;;;;Реализация ТМЦ;;
385;Муфта ТР-7УЗ;2215;Y;;;;;text;;;text;;500;;;58;;;;;;;;;;Реализация ТМЦ;;
386;Муфта ТР-8;2216;Y;;;;;text;;;text;;500;;;1;;;;;;;;;;Реализация ТМЦ;;
387;Труба щелевая ТС-86х140-RT1,5/Q25х18-0,6;2217;Y;;;;;text;;;text;;500;;;11;;;;;;;;;;Реализация ТМЦ;;
388;"Труба медная 1/4"" (6,35мм)";2218;Y;;;;;text;;;text;;500;;;44;;;;;;;;;;Реализация ТМЦ;;
389;"Трубка медная 3/4"" (19,1мм)";2219;Y;;;;;text;;;text;;500;;;44;;;;;;;;;;Реализация ТМЦ;;
390;Трубопровод из медных труб для жидкости - 6мм, для газа 9мм;2220;Y;;;;;text;;;text;;500;;;11;;;;;;;;;;Реализация ТМЦ;;
391;Трубопровод из медных труб с теплоизоляцией, б=9мм, для газа ф6,35мм;2221;Y;;;;;text;;;text;;500;;;11;;;;;;;;;;Реализация ТМЦ;;
392;Трубопровод из медных труб с теплоизоляцией, б=9мм, для газа ф9,53мм;2222;Y;;;;;text;;;text;;500;;;11;;;;;;;;;;Реализация ТМЦ;;
393;Трубопровод из медных труб ф 16мм;2223;Y;;;;;text;;;text;;500;;;21;;;;;;;;;;Реализация ТМЦ;;
394;Трубопровод из медных труб ф 9мм;2224;Y;;;;;text;;;text;;500;;;21;;;;;;;;;;Реализация ТМЦ;;
395;Угольник У600 ТК3-286-90;2225;Y;;;;;text;;;text;;500;;;1;;;;;;;;;;Реализация ТМЦ;;
396;Направляющие TLK-VNS2-L-42U;2226;Y;;;;;text;;;text;;500;;;1;;;;;;;;;;Реализация ТМЦ;;
397;"Ниппель 2"" нар.-нар.";2227;Y;;;;;text;;;text;;500;;;44;;;;;;;;;;Реализация ТМЦ;;
398;Ниппель радиаторный;2228;Y;;;;;text;;;text;;500;;;45;;;;;;;;;;Реализация ТМЦ;;
399;Трансформатор трехфазный понижающий 380/36 50Гц 1кВа IP54 ТСЗИ-1, 0-УХЛ2;2229;Y;;;;;text;;;text;;500;;;1;;;;;;;;;;Реализация ТМЦ;;
400;Трансформатор ТТН40/600/5-5VA/0,5 SQ1101-0096;2230;Y;;;;;text;;;text;;500;;;1;;;;;;;;;;Реализация ТМЦ;;
401;Оконцеватель для металлорукава 25мм ЗЭТАРУС zeta41013;2231;Y;;;;;text;;;text;;500;;;1;;;;;;;;;;Реализация ТМЦ;;
402;Датчик давления Pressure Tr.4010 R 0-10b 1/2G 4-20m25, 99218426;2232;Y;;;;;text;;;text;;500;;;21;;;;;;;;;;Реализация ТМЦ;;
403;Труба 630*10 ГОСТ 10704-91;2233;Y;;;;;text;;;text;;500;;;6;;;;;;;;;;Реализация ТМЦ;;
404;Труба 273*6 ГОСТ 10704-91 с наружно-битумным покрытием ВУС по ГОСТ 9.602-2016;2234;Y;;;;;text;;;text;;500;;;6;;;;;;;;;;Реализация ТМЦ;;
405;Труба 530*10 ГОСТ 10704-91 с наружно-битумным покрытием ВУС по ГОСТ 9.602-2016;2235;Y;;;;;text;;;text;;500;;;6;;;;;;;;;;Реализация ТМЦ;;
406;Блок управления PCB-SW для распашных ворот;2236;Y;;;;;text;;;text;;500;;;50;;;;;;;;;;Реализация ТМЦ;;
407;"Вибрационный сигнализатор уровня 
VEGA WAVE 61 WE61.XXAGDRAMX";2237;Y;;;;;text;;;text;;500;;;26;;;;;;;;;;Реализация ТМЦ;;
408;Гаситель вибрации ГВУ-1,6-2,4;2238;Y;;;;;text;;;text;;500;;;21;;;;;;;;;;Реализация ТМЦ;;
409;Дюбель 6*51 (1000 шт.);2239;Y;;;;;text;;;text;;500;;;34;;;;;;;;;;Реализация ТМЦ;;
410;Кронштейн ККУ-230 с шайбой (ОЦ-01-БЦ-1,2);2240;Y;;;;;text;;;text;;500;;;21;;;;;;;;;;Реализация ТМЦ;;
411;Рамный анкер HRD-H 10*80;2241;Y;;;;;text;;;text;;500;;;34;;;;;;;;;;Реализация ТМЦ;;
412;Сам.винт E-VS BOHR 5 НТ 19 5.5*240;2242;Y;;;;;text;;;text;;500;;;34;;;;;;;;;;Реализация ТМЦ;;
413;Сам.винт SDT14-F19-5.5*240;2243;Y;;;;;text;;;text;;500;;;34;;;;;;;;;;Реализация ТМЦ;;
414;Таль ручная червячная передвижная ТРЧП 0,5-6-УЗ;2244;Y;;;;;text;;;text;;500;;;26;;;;;;;;;;Реализация ТМЦ;;
415;Болт М16*65 кп 5,8 ГОСТ 7798-70/7805-70;2245;Y;;;;;text;;;text;;500;;;34;;;;;;;;;;Реализация ТМЦ;;
416;Гайка М16 ГОСТ 5915-70;2246;Y;;;;;text;;;text;;500;;;34;;;;;;;;;;Реализация ТМЦ;;
417;"Грильято GL15 (37/15) яч.50*50 0,6 ""мама""";2247;Y;;;;;text;;;text;;500;;;11;;;;;;;;;;Реализация ТМЦ;;
418;"Грильято GL15 (37/15) яч.50*50 0,6 ""папа""";2248;Y;;;;;text;;;text;;500;;;11;;;;;;;;;;Реализация ТМЦ;;
419;Грильято GL15 (37/15) яч.50*50 0,6 профиль;2249;Y;;;;;text;;;text;;500;;;11;;;;;;;;;;Реализация ТМЦ;;
420;Держатель трубы D100;2250;Y;;;;;text;;;text;;500;;;44;;;;;;;;;;Реализация ТМЦ;;
421;Заклепка 4,8*10мм;2251;Y;;;;;text;;;text;;500;;;50;;;;;;;;;;Реализация ТМЦ;;
422;Кабель ААШв-1 4*120;2252;Y;;;;;text;;;text;;500;;;42;;;;;;;;;;Реализация ТМЦ;;
423;Каркас АЛБЕС Т-15/41,5 3600мм;2253;Y;;;;;text;;;text;;500;;;11;;;;;;;;;;Реализация ТМЦ;;
424;Керамогранит 30*179 (4 шт/уп);2254;Y;;;;;text;;;text;;500;;;11;;;;;;;;;;Реализация ТМЦ;;
425;Колено трубы D100 (ПЛД-02-9010-0,6);2255;Y;;;;;text;;;text;;500;;;11;;;;;;;;;;Реализация ТМЦ;;
426;Крепеж телескопический 100мм;2256;Y;;;;;text;;;text;;500;;;34;;;;;;;;;;Реализация ТМЦ;;
427;Крепеж телескопический 120мм;2257;Y;;;;;text;;;text;;500;;;34;;;;;;;;;;Реализация ТМЦ;;
428;Крепеж телескопический 140мм;2258;Y;;;;;text;;;text;;500;;;34;;;;;;;;;;Реализация ТМЦ;;
429;Крепеж телескопический 180мм;2259;Y;;;;;text;;;text;;500;;;34;;;;;;;;;;Реализация ТМЦ;;
430;Крепеж телескопический 20мм;2260;Y;;;;;text;;;text;;500;;;34;;;;;;;;;;Реализация ТМЦ;;
431;Крепеж телескопический 240мм;2261;Y;;;;;text;;;text;;500;;;34;;;;;;;;;;Реализация ТМЦ;;
432;Крепеж телескопический 300мм;2262;Y;;;;;text;;;text;;500;;;34;;;;;;;;;;Реализация ТМЦ;;
433;Крепеж телескопический 350мм;2263;Y;;;;;text;;;text;;500;;;34;;;;;;;;;;Реализация ТМЦ;;
434;Крепеж телескопический 80мм;2264;Y;;;;;text;;;text;;500;;;34;;;;;;;;;;Реализация ТМЦ;;
435;Мембрана гидро/ветрозащитная паропроницаемая BIGBAND M (1,5*46,66м);2265;Y;;;;;text;;;text;;500;;;11;;;;;;;;;;Реализация ТМЦ;;
436;Направляющая С30 h=29 L=4м;2266;Y;;;;;text;;;text;;500;;;11;;;;;;;;;;Реализация ТМЦ;;
437;Плинтус Orac Decor SX162;2267;Y;;;;;text;;;text;;500;;;11;;;;;;;;;;Реализация ТМЦ;;
438;Плита гранитная/Ступень 1500*350*30мм;2268;Y;;;;;text;;;text;;500;;;11;;;;;;;;;;Реализация ТМЦ;;
439;Плита минераловатная 1200*600*100мм;2269;Y;;;;;text;;;text;;500;;;11;;;;;;;;;;Реализация ТМЦ;;
440;Плита минераловатная 1200*600*50мм;2270;Y;;;;;text;;;text;;500;;;11;;;;;;;;;;Реализация ТМЦ;;
441;Плита цементно-стружечная ЦСП 3200*1250*16мм ГОСТ 26816-86;2271;Y;;;;;text;;;text;;500;;;11;;;;;;;;;;Реализация ТМЦ;;
442;Плитка керамическая 7,5*30 настенная;2272;Y;;;;;text;;;text;;500;;;11;;;;;;;;;;Реализация ТМЦ;;
443;Плитка настенная 20*20 (упак - 1,04м2 / 26шт);2273;Y;;;;;text;;;text;;500;;;11;;;;;;;;;;Реализация ТМЦ;;
444;Подступенок керамический 60*10,7;2274;Y;;;;;text;;;text;;500;;;11;;;;;;;;;;Реализация ТМЦ;;
445;Порожек угловой 20*20мм 2,7м;2275;Y;;;;;text;;;text;;500;;;11;;;;;;;;;;Реализация ТМЦ;;
446;Поручень для инвалидов настенный прямой;2276;Y;;;;;text;;;text;;500;;;44;;;;;;;;;;Реализация ТМЦ;;
447;Пост управления сборный 2 кнопки Osmoz, 024230;2277;Y;;;;;text;;;text;;500;;;1;;;;;;;;;;Реализация ТМЦ;;
448;Профиль алюминиевый AR С 30/150 (150*30*150*3000);2278;Y;;;;;text;;;text;;500;;;11;;;;;;;;;;Реализация ТМЦ;;
449;Профиль Т 15/38 GL15 L=0,6;2279;Y;;;;;text;;;text;;500;;;11;;;;;;;;;;Реализация ТМЦ;;
450;Профиль Т 15/38 GL15 L=1,2;2280;Y;;;;;text;;;text;;500;;;11;;;;;;;;;;Реализация ТМЦ;;
451;Профиль Т 15/38 GL15 L=3,7;2281;Y;;;;;text;;;text;;500;;;11;;;;;;;;;;Реализация ТМЦ;;
452;Профиль/планка разделительная HJ-100;2282;Y;;;;;text;;;text;;500;;;11;;;;;;;;;;Реализация ТМЦ;;
453;Рейка краевая алюминиевая 2,0м;2283;Y;;;;;text;;;text;;500;;;11;;;;;;;;;;Реализация ТМЦ;;
454;Саморез кровельный 5,5*35 (1000шт/уп);2284;Y;;;;;text;;;text;;500;;;34;;;;;;;;;;Реализация ТМЦ;;
455;Соединитель желоба D125 (ПЛД-02-9010-0,6);2285;Y;;;;;text;;;text;;500;;;11;;;;;;;;;;Реализация ТМЦ;;
456;Ступень керамическая 33*33 угловая;2286;Y;;;;;text;;;text;;500;;;11;;;;;;;;;;Реализация ТМЦ;;
457;Ступень керамическая 33*60;2287;Y;;;;;text;;;text;;500;;;11;;;;;;;;;;Реализация ТМЦ;;
458;Труба водосточная D100*3000 (ПЛД-02-9010-0,5);2288;Y;;;;;text;;;text;;500;;;11;;;;;;;;;;Реализация ТМЦ;;
459;Шайба плоская, d 16;2289;Y;;;;;text;;;text;;500;;;50;;;;;;;;;;Реализация ТМЦ;;
460;Шина НК рядная 17*1200мм AISI 430;2290;Y;;;;;text;;;text;;500;;;34;;;;;;;;;;Реализация ТМЦ;;
461;Шина НК стартовая 17*1200мм AISI 430;2291;Y;;;;;text;;;text;;500;;;34;;;;;;;;;;Реализация ТМЦ;;
462;Шина НК финишная 17*1200мм AISI 430;2292;Y;;;;;text;;;text;;500;;;34;;;;;;;;;;Реализация ТМЦ;;
463;Элемент CF фиксирующий к С-дизайну C30;2293;Y;;;;;text;;;text;;500;;;11;;;;;;;;;;Реализация ТМЦ;;
464;Элемент соединительный для рейки С-дизайна AR CZ/W 30/150;2294;Y;;;;;text;;;text;;500;;;11;;;;;;;;;;Реализация ТМЦ;;
465;Стекло Mercedes GLE, A2926700100;2295;Y;;;;;text;;;text;;500;;;49;;;;;;;;;;Реализация ТМЦ;;
466;Стекло Mercedes-Benz, A1646700500;2296;Y;;;;;text;;;text;;500;;;49;;;;;;;;;;Реализация ТМЦ;;
467;Стекло Mercedes-Benz, A1676703800;2297;Y;;;;;text;;;text;;500;;;49;;;;;;;;;;Реализация ТМЦ;;
468;Стекло Mercedes-Benz, A1676704700;2298;Y;;;;;text;;;text;;500;;;49;;;;;;;;;;Реализация ТМЦ;;
469;Эл.магнит 41N 25мм МИС-4100 Ey2 127В 1 стор. (эм-33-6);2299;Y;;;;;text;;;text;;500;;;52;;;;;;;;;;Реализация ТМЦ;;
470;Колесо К 45/55;2300;Y;;;;;text;;;text;;500;;;52;;;;;;;;;;Реализация ТМЦ;;
471;Колесо рабочее  1 ступ.ЦНС 180-212.01.008;2301;Y;;;;;text;;;text;;500;;;52;;;;;;;;;;Реализация ТМЦ;;
472;Колесо рабочее 6МС-0129;2302;Y;;;;;text;;;text;;500;;;52;;;;;;;;;;Реализация ТМЦ;;
473;Колесо рабочее 6МС6-0118-1;2303;Y;;;;;text;;;text;;500;;;52;;;;;;;;;;Реализация ТМЦ;;
474;Колесо рабочее 6МС6-0118-1.;2304;Y;;;;;text;;;text;;500;;;52;;;;;;;;;;Реализация ТМЦ;;
475;Переходник (шпиндель) 091-59.76.1012;2305;Y;;;;;text;;;text;;500;;;47;;;;;;;;;;Реализация ТМЦ;;
476;Подшипник 46244;2306;Y;;;;;text;;;text;;500;;;25;;;;;;;;;;Реализация ТМЦ;;
477;Подшипник 666432;2307;Y;;;;;text;;;text;;500;;;25;;;;;;;;;;Реализация ТМЦ;;
478;Ремкомплект гидроцилиндра подачи бурового снаряда;2308;Y;;;;;text;;;text;;500;;;52;;;;;;;;;;Реализация ТМЦ;;
479;Сальник СБШ 1-115-145-2 гост 8752-70;2309;Y;;;;;text;;;text;;500;;;52;;;;;;;;;;Реализация ТМЦ;;
480;Электромагнит ПЭ-36 МГ ПВ-ХЛ1-24В 52Н ПВ;2310;Y;;;;;text;;;text;;500;;;52;;;;;;;;;;Реализация ТМЦ;;
481;Тиристор ТЛ4-250-10;2311;Y;;;;;text;;;text;;500;;;52;;;;;;;;;;Реализация ТМЦ;;
482;Башмак тормозной горочный 8739.00 СБ стальной;2312;Y;;;;;text;;;text;;500;;;52;;;;;;;;;;Реализация ТМЦ;;
483;Задвижка 30с41нж Ду150;2313;Y;;;;;text;;;text;;500;;;51;;;;;;;;;;Реализация ТМЦ;;
484;Задвижка 30с41нж Ду150 Ру16;2314;Y;;;;;text;;;text;;500;;;51;;;;;;;;;;Реализация ТМЦ;;
485;Штанга буровая СБШ-250, 091-55.76.0000;2315;Y;;;;;text;;;text;;500;;;47;;;;;;;;;;Реализация ТМЦ;;
486;Автолампа А12-21-4;2316;Y;;;;;text;;;text;;500;;;54;;;;;;;;;;Реализация ТМЦ;;
487;Автолампа АКГ 24-75+701;2317;Y;;;;;text;;;text;;500;;;54;;;;;;;;;;Реализация ТМЦ;;
488;Блок БТОН;2318;Y;;;;;text;;;text;;500;;;52;;;;;;;;;;Реализация ТМЦ;;
489;Болт 340430;2319;Y;;;;;text;;;text;;500;;;35;;;;;;;;;;Реализация ТМЦ;;
490;Гайка М18 (342364);2320;Y;;;;;text;;;text;;500;;;35;;;;;;;;;;Реализация ТМЦ;;
491;Основание токосъемника 44.51378;2321;Y;;;;;text;;;text;;500;;;52;;;;;;;;;;Реализация ТМЦ;;
492;Палец 1080.02.15/1080.02.15-1;2322;Y;;;;;text;;;text;;500;;;53;;;;;;;;;;Реализация ТМЦ;;
493;Палец 540-2917446-11;2323;Y;;;;;text;;;text;;500;;;53;;;;;;;;;;Реализация ТМЦ;;
494;Палец 7523-2919078;2324;Y;;;;;text;;;text;;500;;;53;;;;;;;;;;Реализация ТМЦ;;
495;Палец задней подвески 540-2917446-20;2325;Y;;;;;text;;;text;;500;;;53;;;;;;;;;;Реализация ТМЦ;;
496;Подшипник 12316;2326;Y;;;;;text;;;text;;500;;;25;;;;;;;;;;Реализация ТМЦ;;
497;Подшипник 180312;2327;Y;;;;;text;;;text;;500;;;25;;;;;;;;;;Реализация ТМЦ;;
498;Подшипник 7618;2328;Y;;;;;text;;;text;;500;;;25;;;;;;;;;;Реализация ТМЦ;;
499;Подшипник 98316;2329;Y;;;;;text;;;text;;500;;;25;;;;;;;;;;Реализация ТМЦ;;
500;Поршень ЭК4.03.011;2330;Y;;;;;text;;;text;;500;;;53;;;;;;;;;;Реализация ТМЦ;;
501;Пружина 540-1712131;2331;Y;;;;;text;;;text;;500;;;54;;;;;;;;;;Реализация ТМЦ;;
502;Пружина 7555-3507048;2332;Y;;;;;text;;;text;;500;;;54;;;;;;;;;;Реализация ТМЦ;;
503;Пружина оттяжная 500-3501037;2333;Y;;;;;text;;;text;;500;;;54;;;;;;;;;;Реализация ТМЦ;;
504;Р/к цилиндра поворота 7547-34290098;2334;Y;;;;;text;;;text;;500;;;55;;;;;;;;;;Реализация ТМЦ;;
505;Реле РУБГТ-1-24-4;2335;Y;;;;;text;;;text;;500;;;31;;;;;;;;;;Реализация ТМЦ;;
506;Ротор Г256-3701200-Б;2336;Y;;;;;text;;;text;;500;;;52;;;;;;;;;;Реализация ТМЦ;;
507;Рукав МБС 14мм;2337;Y;;;;;text;;;text;;500;;;18;;;;;;;;;;Реализация ТМЦ;;
508;Рукав РВД 7523-8609380-01;2338;Y;;;;;text;;;text;;500;;;18;;;;;;;;;;Реализация ТМЦ;;
509;Рычаг левый 7523-3001031;2339;Y;;;;;text;;;text;;500;;;54;;;;;;;;;;Реализация ТМЦ;;
510;Сальник 4085479;2340;Y;;;;;text;;;text;;500;;;55;;;;;;;;;;Реализация ТМЦ;;
511;Сухарь колодки 375-3507064;2341;Y;;;;;text;;;text;;500;;;54;;;;;;;;;;Реализация ТМЦ;;
512;Трубопровод 8401-1118208;2342;Y;;;;;text;;;text;;500;;;52;;;;;;;;;;Реализация ТМЦ;;
513;Указатель давления Эи8059-2;2343;Y;;;;;text;;;text;;500;;;22;;;;;;;;;;Реализация ТМЦ;;
514;Фонарь габарит. перед ПФ-116;2344;Y;;;;;text;;;text;;500;;;55;;;;;;;;;;Реализация ТМЦ;;
515;КонсольPanasonic KX-590_МБ5047;2345;Y;;;;;text;;;text;;500;;;23;;;;;;;;;;Реализация ТМЦ;;
516;Радиотелефон Panasonic KX-PRL260RUB_БУ;2346;Y;;;;;text;;;text;;500;;;23;;;;;;;;;;Реализация ТМЦ;;
517;Телефон Panasonic KX-ЗКД 260 RUB_БУ;2347;Y;;;;;text;;;text;;500;;;22;;;;;;;;;;Реализация ТМЦ;;
518;Болт М20х260 кп 5.8;2348;Y;;;;;text;;;text;;500;;;35;;;;;;;;;;Реализация ТМЦ;;
519;Гайка М20 кп 6 ГОСТ 5915-70;2349;Y;;;;;text;;;text;;500;;;35;;;;;;;;;;Реализация ТМЦ;;
520;Гайка М20 кп6;2350;Y;;;;;text;;;text;;500;;;35;;;;;;;;;;Реализация ТМЦ;;
521;Гайка М20*2,5 кп 8;2351;Y;;;;;text;;;text;;500;;;35;;;;;;;;;;Реализация ТМЦ;;
522;Каболка  универсальная 10-14мм с пропиткой Е-1 ТУ-17 40-4266-91;2352;Y;;;;;text;;;text;;500;;;18;;;;;;;;;;Реализация ТМЦ;;
523;Кран шаровый LD КШЦФ Gas 080/070.016.Н/П.020 из стали 20 Ду80/70 Ру1,6МПа;2353;Y;;;;;text;;;text;;500;;;51;;;;;;;;;;Реализация ТМЦ;;
524;Подвес с зажимом 60/27;2354;Y;;;;;text;;;text;;500;;;52;;;;;;;;;;Реализация ТМЦ;;
525;Скоба К1157 УТ1,5;2355;Y;;;;;text;;;text;;500;;;52;;;;;;;;;;Реализация ТМЦ;;
526;Труба ПЭ100 SDR 17-225 ПИТ;2356;Y;;;;;text;;;text;;500;;;9;;;;;;;;;;Реализация ТМЦ;;
527;Фильтр газа ФГ16-50В-ДПД;2357;Y;;;;;text;;;text;;500;;;54;;;;;;;;;;Реализация ТМЦ;;
528;Фильтр газа ФГ16-80В-ДПД;2358;Y;;;;;text;;;text;;500;;;54;;;;;;;;;;Реализация ТМЦ;;
529;Фланец Ду225 Ру10;2359;Y;;;;;text;;;text;;500;;;51;;;;;;;;;;Реализация ТМЦ;;
530;Фланец стальной плоский LD 100*16 ст.20 ГОСТ 12820-80;2360;Y;;;;;text;;;text;;500;;;51;;;;;;;;;;Реализация ТМЦ;;
531;Фланец Ду250 Ру16;2361;Y;;;;;text;;;text;;500;;;51;;;;;;;;;;Реализация ТМЦ;;
532;Круг 8мм оцинкованный;2362;Y;;;;;text;;;text;;500;;;56;;;;;;;;;;Реализация ТМЦ;;
533;Планка прижимная. Марка А3, черт. 053-1-АС,6;2363;Y;;;;;text;;;text;;500;;;32;;;;;;;;;;Реализация ТМЦ;;
534;Трансформатор;2364;Y;;;;;text;;;text;;500;;;57;;;;;;;;;;Реализация ТМЦ;;
535;Трансформатор ТМЗ-1000 квт;2365;Y;;;;;text;;;text;;500;;;57;;;;;;;;;;Реализация ТМЦ;;
536;Трансформатор ТМЗ-1000/10-65 (6/0,4 кВ);2366;Y;;;;;text;;;text;;500;;;57;;;;;;;;;;Реализация ТМЦ;;
537;Трансформатор ТМ-1000;2367;Y;;;;;text;;;text;;500;;;57;;;;;;;;;;Реализация ТМЦ;;
539;Добор телескопический;2368;Y;;;;;text;;;text;;500;;;11;;;;;;;;;;Реализация ТМЦ;;
548;Лоток неперфорированный 500*100мм;2369;Y;;;;;text;;;text;;500;;;1;;;;;;;;;;Реализация ТМЦ;;
549;Муфта для двустенных труб 160мм;2370;Y;;;;;text;;;text;;500;;;44;;;;;;;;;;Реализация ТМЦ;;
550;Подвес с зажимом 60/27;2371;Y;;;;;text;;;text;;500;;;11;;;;;;;;;;Реализация ТМЦ;;
551;Рукав напорный РН-200 (10 м с муфтой и соед. кольцом);2372;Y;;;;;text;;;text;;500;;;50;;;;;;;;;;Реализация ТМЦ;;
552;Соединитель одноуровневый для ПП-профиля 60*27 (краб);2373;Y;;;;;text;;;text;;500;;;11;;;;;;;;;;Реализация ТМЦ;;
562;Кабель силовой АВВГ 3х185;2374;Y;;;;;text;;;text;;500;;;42;;;;;;;;;;Реализация ТМЦ;;
563;Кабель силовой АВВГ 3х185;2375;Y;;;;;text;;;text;;500;;;42;;;;;;;;;;Реализация ТМЦ;;
564;Кабель силовой АВВГ 3х185;2376;Y;;;;;text;;;text;;500;;;42;;;;;;;;;;Реализация ТМЦ;;
565;Кабель силовой АВВГ 3х185;2377;Y;;;;;text;;;text;;500;;;42;;;;;;;;;;Реализация ТМЦ;;
566;Кабель силовой АВВГ 3х185;2378;Y;;;;;text;;;text;;500;;;42;;;;;;;;;;Реализация ТМЦ;;
567;Комплект прямых участков КПУ-200/Т2;2379;Y;;;;;text;;;text;;500;;;26;;;;;;;;;;Реализация ТМЦ;;
568;Фильтр газа Ду200 ФГ-200;2380;Y;;;;;text;;;text;;500;;;21;;;;;;;;;;Реализация ТМЦ;;
569;Лоток листовой неперфорированный 100*400 L3000 сталь 1,5мм;2381;Y;;;;;text;;;text;;500;;;1;;;;;;;;;;Реализация ТМЦ;;
570;Лоток лестничный 500*100 L3000 сталь 1,2мм;2382;Y;;;;;text;;;text;;500;;;1;;;;;;;;;;Реализация ТМЦ;;
571;Крышка для лотка осн.400 L3000 (дл.3м);2383;Y;;;;;text;;;text;;500;;;1;;;;;;;;;;Реализация ТМЦ;;
572;Стойка кабельная К-1152 цУТ1,5;2384;Y;;;;;text;;;text;;500;;;1;;;;;;;;;;Реализация ТМЦ;;
573;Кран шаровой 11б27п1 Ду32 ВВ;2385;Y;;;;;text;;;text;;500;;;44;;;;;;;;;;Реализация ТМЦ;;
574;"Кронштейн Kromax OPTIMA-413 для ТВ/монитора 20""-55"", до 30кг";2386;Y;;;;;text;;;text;;500;;;20;;;;;;;;;;Реализация ТМЦ;;
575;Кран шаровой 11Б27п1 Ду25 ВВ Ру16;2387;Y;;;;;text;;;text;;500;;;44;;;;;;;;;;Реализация ТМЦ;;
576;Светильник WT068C NW LED18 L600 CFW PSU;2388;Y;;;;;text;;;text;;500;;;38;;;;;;;;;;Реализация ТМЦ;;
577;Кран шар. латунный ДУ15 РУ40 BH-HP бабочка;2389;Y;;;;;text;;;text;;500;;;44;;;;;;;;;;Реализация ТМЦ;;
578;Труба гофрированная ПВХ 20мм с протяжкой;2390;Y;;;;;text;;;text;;500;;;44;;;;;;;;;;Реализация ТМЦ;;
579;Скоба металлическая двухлапковая d31-32мм;2391;Y;;;;;text;;;text;;500;;;1;;;;;;;;;;Реализация ТМЦ;;
580;Ключ К1156цУТ1,5;2392;Y;;;;;text;;;text;;500;;;1;;;;;;;;;;Реализация ТМЦ;;
581;Система осушения воздуха;2393;Y;;;;;text;;;text;;500;;;26;;;;;;;;;;Реализация ТМЦ;;
588;Крепление (верх-низ);2394;Y;;;;;text;;;text;;500;;;28;;;;;;;;;;Реализация ТМЦ;;
589;Соединитель центральной поперечины мет;2395;Y;;;;;text;;;text;;500;;;28;;;;;;;;;;Реализация ТМЦ;;
590;Угловой соединитель;2396;Y;;;;;text;;;text;;500;;;28;;;;;;;;;;Реализация ТМЦ;;
591;Изложница для печи РНК-5;2397;Y;;;;;text;;;text;;500;;;7;;;;;;;;;;Реализация ТМЦ;;
592;Щит ЩУВ-3-1-380-7,5-0-2-12-IP54 (ММ027619ВА);2398;Y;;;;;text;;;text;;500;;;1;;;;;;;;;;Реализация ТМЦ;;
593;Блок сменный ЕТ-В-09-00-А ЕВРАЗТЕМП;2399;Y;;;;;text;;;text;;500;;;21;;;;;;;;;;Реализация ТМЦ;;
594;Траверса ТЛц 3,2/1000;2400;Y;;;;;text;;;text;;500;;;50;;;;;;;;;;Реализация ТМЦ;;
595;Фильтр газа ФГ16-80В-ДПД;2401;Y;;;;;text;;;text;;500;;;4;;;;;;;;;;Реализация ТМЦ;;
596;Фланец ст. плоский LD 80*16 ст.20 ГОСТ 12820-80;2402;Y;;;;;text;;;text;;500;;;44;;;;;;;;;;Реализация ТМЦ;;
597;Коммутатор WI-PS306GF-UPS, неуправляемый гигабитный;2403;Y;;;;;text;;;text;;500;;;20;;;;;;;;;;Реализация ТМЦ;;
598;Батарея солнечная SM 100-12 P;2404;Y;;;;;text;;;text;;500;;;20;;;;;;;;;;Реализация ТМЦ;;
599;"Клапан A-OWF-DE-N01.080.DXO.A тормозной двусторонний (G3/8""(VBCD)  настройка пружины 60:350BAR, 8:1)";2405;Y;;;;;text;;;text;;500;;;50;;;;;;;;;;Реализация ТМЦ;;
600;Резец проходной отогнутый 25*16*140 (Т5К10);2406;Y;;;;;text;;;text;;500;;;15;;;;;;;;;;Реализация ТМЦ;;
601;Резец отрезной 25*16*140 (Т5К10);2407;Y;;;;;text;;;text;;500;;;15;;;;;;;;;;Реализация ТМЦ;;
602;Гайка 32/16 G 3/4 для БКО, латунь;2408;Y;;;;;text;;;text;;500;;;50;;;;;;;;;;Реализация ТМЦ;;
603;Резец проходной упорный изогнутый 25*16*140 (Т5К10);2409;Y;;;;;text;;;text;;500;;;15;;;;;;;;;;Реализация ТМЦ;;
604;Гайка 27 СП-21,8 для БПО, латунь;2410;Y;;;;;text;;;text;;500;;;50;;;;;;;;;;Реализация ТМЦ;;
605;Отвод ст.90-89*3,5 ГОСТ 17375-2001;2411;Y;;;;;text;;;text;;500;;;44;;;;;;;;;;Реализация ТМЦ;;
606;Тройник сталь привар проход 33,7*4,5 ГОСТ 17376-01;2412;Y;;;;;text;;;text;;500;;;44;;;;;;;;;;Реализация ТМЦ;;
607;Гайка М16*1,5 левая;2413;Y;;;;;text;;;text;;500;;;34;;;;;;;;;;Реализация ТМЦ;;
608;Шланг T-Clip Gas HT-400, d125мм, 6 метров, устойчивый к высоким температурам, с зажимной спиралью;2414;Y;;;;;text;;;text;;500;;;50;;;;;;;;;;Реализация ТМЦ;;
609;Хомут 110-130 червячный;2415;Y;;;;;text;;;text;;500;;;50;;;;;;;;;;Реализация ТМЦ;;
610;Проволока вязальная 3,0 ГОСТ 3282-74;2416;Y;;;;;text;;;text;;500;;;34;;;;;;;;;;Реализация ТМЦ;;
611;Электрод контроля пламени КЭ L=700мм;2417;Y;;;;;text;;;text;;500;;;46;;;;;;;;;;Реализация ТМЦ;;
612;Резец проходной упорный отогнутый 25*16*140 Т5К10;2418;Y;;;;;text;;;text;;500;;;15;;;;;;;;;;Реализация ТМЦ;;
613;"Монитор 22"" TFT Samsung S22B300BL мб-948";2419;Y;;;;;text;;;text;;500;;;27;;;;;;;;;;Реализация ТМЦ;;
614;Системный блок Core i5 2.8/500Gb/DDR III 4Gb/Intel MB/W7 Pro  мб-968;2420;Y;;;;;text;;;text;;500;;;27;;;;;;;;;;Реализация ТМЦ;;
587;Центральная поперечина;2423;Y;;;;;text;;;text;;500;;;28;;;;;;;;;;Реализация ТМЦ;;
